SRAnumber,organism,tissue,general_celltype,specific_celltype,treatment_code,treated_or_like_treated,repnumber,keyword,exptype,mapped_reads,total_reads,percent_mapped
SRR1105736,human,colon_cancer,HCT116,HCT116,DMSO_1hr,no,rep2,Allen2014,GRO-seq,54307224,69399243,0.782533377201
SRR1105737,human,colon_cancer,HCT116,HCT116,DMSO_1hr,no,rep1,Allen2014,GRO-seq,135980558,142620314,0.953444528246
SRR1105738,human,colon_cancer,HCT116,HCT116,Nutlin_1hr,yes,rep1,Allen2014,GRO-seq,158978147,166083763,0.95721667265
SRR1105739,human,colon_cancer,HCT116,HCT116,Nutlin_1hr,yes,rep2,Allen2014,GRO-seq,148312639,158943040,0.933118172397
SRR1105740,human,colon_cancer,HCT116,p53HCT116,DMSO_1hr,no,rep1,Allen2014,GRO-seq,176480595,184022999,0.959013796966
SRR1105741,human,colon_cancer,HCT116,p53HCT116,Nutlin_1hr,yes,rep1,Allen2014,GRO-seq,157834615,162410974,0.971822353581
SRR1224573,human,colon_cancer,HCT116,HCT116,DMSO_30min,no,rep1,Allen2014,GRO-seq,153086640,205211352,0.745994987646
SRR1224574,human,colon_cancer,HCT116,HCT116,Nutlin_30min,yes,rep1,Allen2014,GRO-seq,148184642,175418701,0.844748257485
SRR1596500,human,cervical_cancer,HeLa,HeLa,vehicle,no,rep1,Andersson2014,GRO-seq,6373728,42822276,0.148841411419
SRR1596501,human,cervical_cancer,HeLa,HeLa,vehicle,no,rep2,Andersson2014,GRO-seq,23828020,36185649,0.658493647578
SRR1574538,human,cervical_cancer,HeLa,HeLa,siCtrl,yes,rep1,Chen2014,GRO-seq,9868954,20150175,0.489770138473
SRR1574539,human,cervical_cancer,HeLa,HeLa,siSsu72,yes,rep1,Chen2014,GRO-seq,11468510,24462318,0.468823518687
SRR2084576,human,colon_cancer,HCT116,HCT116,shPAF1,yes,rep1-a,Chen2015,GRO-seq,4049296,15014277,0.269696369662
SRR2084577,human,colon_cancer,HCT116,HCT116,shPAF1,yes,rep1-b,Chen2015,GRO-seq,3067487,10838874,0.28300790285
SRR2084578,human,colon_cancer,HCT116,HCT116,shPAF1,yes,rep1-c,Chen2015,GRO-seq,4330134,15959529,0.271319661125
SRR2084579,human,colon_cancer,HCT116,HCT116,shPAF1,yes,rep1-d,Chen2015,GRO-seq,3108616,11106620,0.27988857096
SRR2084580,human,colon_cancer,HCT116,HCT116,shPAF1,yes,rep2-a,Chen2015,GRO-seq,5577697,22964802,0.24288025649
SRR2084581,human,colon_cancer,HCT116,HCT116,shPAF1,yes,rep2-b,Chen2015,GRO-seq,4417308,17576219,0.251322995008
SRR2084582,human,colon_cancer,HCT116,HCT116,shPAF1,yes,rep2-c,Chen2015,GRO-seq,6306739,25751924,0.244903604096
SRR2084583,human,colon_cancer,HCT116,HCT116,shPAF1,yes,rep2-d,Chen2015,GRO-seq,4642803,18687293,0.248447059721
SRR2084584,human,colon_cancer,HCT116,HCT116,control,no,rep1-a,Chen2015,GRO-seq,6998398,18606910,0.376118227046
SRR2084585,human,colon_cancer,HCT116,HCT116,control,no,rep1-b,Chen2015,GRO-seq,5927731,14790808,0.400771276322
SRR2084586,human,colon_cancer,HCT116,HCT116,control,no,rep1-c,Chen2015,GRO-seq,7859861,20670024,0.38025408195
SRR2084587,human,colon_cancer,HCT116,HCT116,control,no,rep1-d,Chen2015,GRO-seq,6527768,16385449,0.398388106423
SRR2084588,human,colon_cancer,HCT116,HCT116,control,no,rep2-a,Chen2015,GRO-seq,9985094,32589473,0.306390164701
SRR2084589,human,colon_cancer,HCT116,HCT116,control,no,rep2-b,Chen2015,GRO-seq,8864953,26566451,0.333689772864
SRR2084590,human,colon_cancer,HCT116,HCT116,control,no,rep2-c,Chen2015,GRO-seq,11056881,35824514,0.308640083715
SRR2084591,human,colon_cancer,HCT116,HCT116,control,no,rep2-d,Chen2015,GRO-seq,9905371,29912544,0.331144385446
SRR014283,human,lung,fetal_lung,IMR90,na,no,rep1-a,Core2008,GRO-seq,3434845,4555156,0.754056502126
SRR014284,human,lung,fetal_lung,IMR90,na,no,rep1-b,Core2008,GRO-seq,3495177,4631165,0.754707940659
SRR014285,human,lung,fetal_lung,IMR90,na,no,rep1-c,Core2008,GRO-seq,3482940,4632610,0.751831041249
SRR014286,human,lung,fetal_lung,IMR90,na,no,rep2-a,Core2008,GRO-seq,3736843,4790987,0.779973521114
SRR014287,human,lung,fetal_lung,IMR90,na,no,rep2-b,Core2008,GRO-seq,3513107,4598071,0.764039311268
SRR1552480,human,leukemia,K562,K562,na,no,rep1,Core2014,GRO-cap,33574488,45538197,0.737281891068
SRR1552481,human,leukemia,K562,K562,na,no,rep1,Core2014,GRO-cap,13996230,38042232,0.367912955265
SRR1552482,human,Myeloid,B-cell,GM12878,na,no,rep1,Core2014,GRO-cap,32368738,52887249,0.61203293066
SRR1552483,human,Myeloid,B-cell,GM12878,na,no,rep1,Core2014,GRO-cap,7299070,23647870,0.308656551309
SRR1552484,human,leukemia,K562,K562,na,no,rep1,Core2014,GRO-seq,14753441,30363736,0.485890175043
SRR1552485,human,Myeloid,B-cell,GM12878,na,no,rep1,Core2014,GRO-seq,24711733,205581746,0.120203926082
SRR1554311,human,leukemia,K562,K562,na,no,rep1,Core2014,PRO-seq,81430642,250501612,0.325070331284
SRR1554312,human,leukemia,K562,K562,na,no,rep2,Core2014,PRO-seq,79422321,246080065,0.322749918812
SRR579293,human,heart,AC16,AC16,vehicle,no,rep1,Danko2013,GRO-seq,19011172,22552183,0.842985887442
SRR579294,human,heart,AC16,AC16,vehicle,no,rep2,Danko2013,GRO-seq,21108181,23983780,0.880102344168
SRR579295,human,heart,AC16,AC16,TNFa_10min,yes,rep1,Danko2013,GRO-seq,18544141,21846644,0.848832479716
SRR579296,human,heart,AC16,AC16,TNFa_10min,yes,rep2,Danko2013,GRO-seq,16237829,18439747,0.880588491805
SRR579297,human,heart,AC16,AC16,TNFa_30min,yes,rep1,Danko2013,GRO-seq,13927759,16498888,0.844163497564
SRR579298,human,heart,AC16,AC16,TNFa_30min,yes,rep2,Danko2013,GRO-seq,19624055,22295988,0.880160816376
SRR579299,human,breast_cancer,MCF7,MCF7,vehicle,no,rep1-a,Danko2013,GRO-seq,3212596,5000000,0.6425192
SRR579300,human,breast_cancer,MCF7,MCF7,vehicle,no,rep1-b,Danko2013,GRO-seq,3172622,5000000,0.6345244
SRR579301,human,breast_cancer,MCF7,MCF7,vehicle,no,rep1-c,Danko2013,GRO-seq,2712383,5000000,0.5424766
SRR579302,human,breast_cancer,MCF7,MCF7,vehicle,no,rep1-d,Danko2013,GRO-seq,3144100,5000000,0.62882
SRR579303,human,breast_cancer,MCF7,MCF7,vehicle,no,rep1-e,Danko2013,GRO-seq,3097467,5000000,0.6194934
SRR579304,human,breast_cancer,MCF7,MCF7,vehicle,no,rep1-f,Danko2013,GRO-seq,3214385,5000000,0.642877
SRR579305,human,breast_cancer,MCF7,MCF7,vehicle,no,rep1-g,Danko2013,GRO-seq,3185204,5000000,0.6370408
SRR579306,human,breast_cancer,MCF7,MCF7,vehicle,no,rep1-h,Danko2013,GRO-seq,3202996,5000000,0.6405992
SRR579307,human,breast_cancer,MCF7,MCF7,vehicle,no,rep1-i,Danko2013,GRO-seq,2927768,5000000,0.5855536
SRR579308,human,breast_cancer,MCF7,MCF7,vehicle,no,rep1-j,Danko2013,GRO-seq,2146378,3423545,0.626946045692
SRR579309,human,breast_cancer,MCF7,MCF7,vehicle,no,rep1-k,Danko2013,GRO-seq,3206071,5000000,0.6412142
SRR579310,human,breast_cancer,MCF7,MCF7,vehicle,no,rep2-a,Danko2013,GRO-seq,3465379,5000000,0.6930758
SRR579311,human,breast_cancer,MCF7,MCF7,vehicle,no,rep2-b,Danko2013,GRO-seq,963137,1400676,0.687622976334
SRR579312,human,breast_cancer,MCF7,MCF7,vehicle,no,rep2-c,Danko2013,GRO-seq,3424981,5000000,0.6849962
SRR579313,human,breast_cancer,MCF7,MCF7,vehicle,no,rep2-d,Danko2013,GRO-seq,3422860,5000000,0.684572
SRR579314,human,breast_cancer,MCF7,MCF7,vehicle,no,rep2-e,Danko2013,GRO-seq,3430183,5000000,0.6860366
SRR579315,human,breast_cancer,MCF7,MCF7,vehicle,no,rep2-f,Danko2013,GRO-seq,3461856,5000000,0.6923712
SRR579316,human,breast_cancer,MCF7,MCF7,vehicle,no,rep2-g,Danko2013,GRO-seq,3103182,5000000,0.6206364
SRR579317,human,breast_cancer,MCF7,MCF7,vehicle,no,rep2-h,Danko2013,GRO-seq,3414412,5000000,0.6828824
SRR579318,human,breast_cancer,MCF7,MCF7,vehicle,no,rep2-i,Danko2013,GRO-seq,1171120,1704215,0.687190289958
SRR579319,human,breast_cancer,MCF7,MCF7,vehicle,no,rep3-a,Danko2013,GRO-seq,2886975,5000000,0.577395
SRR579320,human,breast_cancer,MCF7,MCF7,vehicle,no,rep3-b,Danko2013,GRO-seq,2877631,5000000,0.5755262
SRR579321,human,breast_cancer,MCF7,MCF7,vehicle,no,rep3-c,Danko2013,GRO-seq,1200853,2061778,0.582435645351
SRR579322,human,breast_cancer,MCF7,MCF7,vehicle,no,rep3-d,Danko2013,GRO-seq,2877703,5000000,0.5755406
SRR579323,human,breast_cancer,MCF7,MCF7,vehicle,no,rep3-e,Danko2013,GRO-seq,2921448,5000000,0.5842896
SRR579324,human,breast_cancer,MCF7,MCF7,E2_10min,yes,rep1-a,Danko2013,GRO-seq,3868050,5000000,0.77361
SRR579325,human,breast_cancer,MCF7,MCF7,E2_10min,yes,rep1-b,Danko2013,GRO-seq,3754073,5000000,0.7508146
SRR579326,human,breast_cancer,MCF7,MCF7,E2_10min,yes,rep1-c,Danko2013,GRO-seq,3359947,5000000,0.6719894
SRR579327,human,breast_cancer,MCF7,MCF7,E2_10min,yes,rep1-d,Danko2013,GRO-seq,3750726,5000000,0.7501452
SRR579328,human,breast_cancer,MCF7,MCF7,E2_10min,yes,rep1-e,Danko2013,GRO-seq,3671752,5000000,0.7343504
SRR579329,human,breast_cancer,MCF7,MCF7,E2_10min,yes,rep1-f,Danko2013,GRO-seq,3850567,5000000,0.7701134
SRR579330,human,breast_cancer,MCF7,MCF7,E2_10min,yes,rep1-g,Danko2013,GRO-seq,3826125,5000000,0.765225
SRR579331,human,breast_cancer,MCF7,MCF7,E2_10min,yes,rep1-h,Danko2013,GRO-seq,3842165,5000000,0.768433
SRR579332,human,breast_cancer,MCF7,MCF7,E2_10min,yes,rep1-i,Danko2013,GRO-seq,3517598,5000000,0.7035196
SRR579333,human,breast_cancer,MCF7,MCF7,E2_10min,yes,rep1-j,Danko2013,GRO-seq,874017,1244883,0.70208766607
SRR579334,human,breast_cancer,MCF7,MCF7,E2_10min,yes,rep1-k,Danko2013,GRO-seq,3855407,5000000,0.7710814
SRR579335,human,breast_cancer,MCF7,MCF7,E2_10min,yes,rep2-a,Danko2013,GRO-seq,3673192,5000000,0.7346384
SRR579336,human,breast_cancer,MCF7,MCF7,E2_10min,yes,rep2-b,Danko2013,GRO-seq,2477350,3611252,0.686008619725
SRR579337,human,breast_cancer,MCF7,MCF7,E2_10min,yes,rep2-c,Danko2013,GRO-seq,3649768,5000000,0.7299536
SRR579338,human,breast_cancer,MCF7,MCF7,E2_10min,yes,rep2-d,Danko2013,GRO-seq,658138,901407,0.730123018792
SRR579339,human,breast_cancer,MCF7,MCF7,E2_10min,yes,rep2-e,Danko2013,GRO-seq,3568772,5000000,0.7137544
SRR579340,human,breast_cancer,MCF7,MCF7,E2_10min,yes,rep2-f,Danko2013,GRO-seq,3658843,5000000,0.7317686
SRR579341,human,breast_cancer,MCF7,MCF7,E2_10min,yes,rep2-g,Danko2013,GRO-seq,3702503,5000000,0.7405006
SRR579342,human,breast_cancer,MCF7,MCF7,E2_10min,yes,rep3-a,Danko2013,GRO-seq,2511569,5000000,0.5023138
SRR579343,human,breast_cancer,MCF7,MCF7,E2_10min,yes,rep3-b,Danko2013,GRO-seq,2515246,5000000,0.5030492
SRR579344,human,breast_cancer,MCF7,MCF7,E2_10min,yes,rep3-c,Danko2013,GRO-seq,903653,1764422,0.512152421586
SRR579345,human,breast_cancer,MCF7,MCF7,E2_10min,yes,rep3-d,Danko2013,GRO-seq,2500912,5000000,0.5001824
SRR579346,human,breast_cancer,MCF7,MCF7,E2_10min,yes,rep3-e,Danko2013,GRO-seq,2536310,5000000,0.507262
SRR579347,human,breast_cancer,MCF7,MCF7,E2_25min,yes,rep1-a,Danko2013,GRO-seq,3804526,5000000,0.7609052
SRR579348,human,breast_cancer,MCF7,MCF7,E2_25min,yes,rep1-b,Danko2013,GRO-seq,3794424,5000000,0.7588848
SRR579349,human,breast_cancer,MCF7,MCF7,E2_25min,yes,rep1-c,Danko2013,GRO-seq,3529197,5000000,0.7058394
SRR579350,human,breast_cancer,MCF7,MCF7,E2_25min,yes,rep1-d,Danko2013,GRO-seq,3776967,5000000,0.7553934
SRR579351,human,breast_cancer,MCF7,MCF7,E2_25min,yes,rep1-e,Danko2013,GRO-seq,3623565,5000000,0.724713
SRR579352,human,breast_cancer,MCF7,MCF7,E2_25min,yes,rep1-f,Danko2013,GRO-seq,1537575,2051779,0.74938626431
SRR579353,human,breast_cancer,MCF7,MCF7,E2_25min,yes,rep2-a,Danko2013,GRO-seq,3607711,5000000,0.7215422
SRR579354,human,breast_cancer,MCF7,MCF7,E2_25min,yes,rep2-b,Danko2013,GRO-seq,3608207,5000000,0.7216414
SRR579355,human,breast_cancer,MCF7,MCF7,E2_25min,yes,rep2-c,Danko2013,GRO-seq,3692582,5000000,0.7385164
SRR579356,human,breast_cancer,MCF7,MCF7,E2_25min,yes,rep2-d,Danko2013,GRO-seq,10390,15204,0.683372796632
SRR579357,human,breast_cancer,MCF7,MCF7,E2_25min,yes,rep2-e,Danko2013,GRO-seq,3601180,5000000,0.720236
SRR579358,human,breast_cancer,MCF7,MCF7,E2_25min,yes,rep2-f,Danko2013,GRO-seq,3585708,5000000,0.7171416
SRR579359,human,breast_cancer,MCF7,MCF7,E2_25min,yes,rep2-g,Danko2013,GRO-seq,3611616,5000000,0.7223232
SRR579360,human,breast_cancer,MCF7,MCF7,E2_40min,yes,rep1-a,Danko2013,GRO-seq,3721117,5000000,0.7442234
SRR579361,human,breast_cancer,MCF7,MCF7,E2_40min,yes,rep1-b,Danko2013,GRO-seq,3693898,5000000,0.7387796
SRR579362,human,breast_cancer,MCF7,MCF7,E2_40min,yes,rep1-c,Danko2013,GRO-seq,3549210,5000000,0.709842
SRR579363,human,breast_cancer,MCF7,MCF7,E2_40min,yes,rep1-d,Danko2013,GRO-seq,3099871,4380864,0.70759352493
SRR579364,human,breast_cancer,MCF7,MCF7,E2_40min,yes,rep2-a,Danko2013,GRO-seq,3866590,5000000,0.773318
SRR579365,human,breast_cancer,MCF7,MCF7,E2_40min,yes,rep2-b,Danko2013,GRO-seq,908421,1180067,0.769804595841
SRR579366,human,breast_cancer,MCF7,MCF7,E2_40min,yes,rep2-c,Danko2013,GRO-seq,3855304,5000000,0.7710608
SRR579367,human,breast_cancer,MCF7,MCF7,E2_40min,yes,rep2-d,Danko2013,GRO-seq,3684061,5000000,0.7368122
SRR579368,human,breast_cancer,MCF7,MCF7,E2_40min,yes,rep2-e,Danko2013,GRO-seq,3852752,5000000,0.7705504
SRR579369,human,breast_cancer,MCF7,MCF7,E2_40min,yes,rep2-f,Danko2013,GRO-seq,3650415,4679947,0.780012038598
SRR579370,human,breast_cancer,MCF7,MCF7,E2_40min,yes,rep3-a,Danko2013,GRO-seq,3624970,5000000,0.724994
SRR579371,human,breast_cancer,MCF7,MCF7,E2_40min,yes,rep3-b,Danko2013,GRO-seq,3611912,5000000,0.7223824
SRR579372,human,breast_cancer,MCF7,MCF7,E2_40min,yes,rep3-c,Danko2013,GRO-seq,3677855,5000000,0.735571
SRR579373,human,breast_cancer,MCF7,MCF7,E2_40min,yes,rep3-d,Danko2013,GRO-seq,3609647,5000000,0.7219294
SRR579374,human,breast_cancer,MCF7,MCF7,E2_40min,yes,rep3-e,Danko2013,GRO-seq,3593998,5000000,0.7187996
SRR579375,human,breast_cancer,MCF7,MCF7,E2_40min,yes,rep3-f,Danko2013,GRO-seq,3626006,5000000,0.7252012
SRR579376,human,breast_cancer,MCF7,MCF7,E2_40min,yes,rep3-g,Danko2013,GRO-seq,3597552,5000000,0.7195104
SRR579377,human,breast_cancer,MCF7,MCF7,E2_40min,yes,rep3-h,Danko2013,GRO-seq,3643884,5000000,0.7287768
SRR579378,human,breast_cancer,MCF7,MCF7,E2_40min,yes,rep3-i,Danko2013,GRO-seq,544266,761573,0.714660314901
SRR1810067,human,Myeloid,T-cell,CD4+,na,no,rep1-a,Danko2015,PRO-seq,17522711,46505054,0.37679154184
SRR1810068,human,Myeloid,T-cell,CD4+,na,no,rep1-b,Danko2015,PRO-seq,10722450,34205109,0.313475101044
SRR1810069,human,Myeloid,T-cell,CD4+,na,no,rep1-c,Danko2015,PRO-seq,6060235,20854010,0.290602862471
SRR1810070,human,Myeloid,T-cell,CD4+,na,no,rep1-d,Danko2015,PRO-seq,3990951,54422407,0.0733328645313
SRR1810071,human,Myeloid,T-cell,Jurkat,na,no,rep1-a,Danko2015,PRO-seq,14289977,36965276,0.386578393193
SRR1810072,human,Myeloid,T-cell,Jurkat,na,no,rep1-b,Danko2015,PRO-seq,16675837,48731744,0.342196597766
SRR1693609,human,cervical_cancer,HeLa,HeLaS3,na,no,rep1-a,Duttke2015,5'GRO,32376883,35618925,0.90897979094
SRR1693610,human,cervical_cancer,HeLa,HeLaS3,na,no,rep1-b,Duttke2015,5'GRO,32410951,35596945,0.910498105947
SRR1693611,human,cervical_cancer,HeLa,HeLaS3,na,no,rep1-a,Duttke2015,GRO-seq,29490451,35111615,0.839905854516
SRR1693612,human,cervical_cancer,HeLa,HeLaS3,na,no,rep1-b,Duttke2015,GRO-seq,31740490,37607326,0.843997523249
SRR1916552,human,bone_sarcoma,U2OS,U2OS+Myc,control,no,rep1,Elkon2015,GRO-seq,108517934,112031710,0.968635879966
SRR1916553,human,bone_sarcoma,U2OS,U2OS+Myc,Myc_activation_5hr,yes,rep1,Elkon2015,GRO-seq,117572320,121590228,0.966955337891
SRR1916554,human,bone_sarcoma,U2OS,U2OS+Myc,control,no,rep2,Elkon2015,GRO-seq,98508402,101167017,0.973720535815
SRR1916555,human,bone_sarcoma,U2OS,U2OS+Myc,Myc_activation_5hr,yes,rep2,Elkon2015,GRO-seq,97617347,102147813,0.955647939325
SRR065240,mouse,Myeloid,Macrophage,ThioMac,none,no,rep1,Escoubet-Lozach2011,GRO-seq,8145904,8726639,0.933452615606
SRR065241,mouse,Myeloid,Macrophage,ThioMac,KLA_1h,yes,rep1,Escoubet-Lozach2011,GRO-seq,7613669,8695946,0.875542350424
SRR1745515,human,ESC,ESC,H1,none,no,rep1,Estaras2015,GRO-seq,11591196,28955640,0.40030874814
SRR1745516,human,ESC,ESC,H1,none,no,rep1,Estaras2015,GRO-seq,15097486,36985604,0.408198984664
SRR1745517,human,ESC,ESC,H1,Wnt3a_6hr,yes,rep1,Estaras2015,GRO-seq,14271147,32836439,0.434613113803
SRR1745518,human,ESC,ESC,H1,Wnt3a_6hr,yes,rep1,Estaras2015,GRO-seq,18676614,42174936,0.44283680715
SRR1745519,human,ESC,ESC,H1,Wnt3a+Activin_A(WA)_6hr,yes,rep1,Estaras2015,GRO-seq,10261730,27014340,0.379862324973
SRR1745520,human,ESC,ESC,H1,Wnt3a+Activin_A(WA)_6hr,yes,rep1,Estaras2015,GRO-seq,13258935,34242612,0.387205713162
SRR1745521,human,ESC,ESC,H1,Activin-A_6hr,yes,rep1,Estaras2015,GRO-seq,14448442,26807094,0.538978301788
SRR1745522,human,ESC,ESC,H1,Activin-A_6hr,yes,rep1,Estaras2015,GRO-seq,18814074,34399519,0.546928403272
SRR1745523,human,ESC,ESC,H1,none,no,rep1,Estaras2015,GRO-seq,16678266,30921405,0.539376072982
SRR1745524,human,ESC,ESC,H1,none,no,rep1,Estaras2015,GRO-seq,21847311,39938080,0.547029576785
SRR1745525,human,ESC,ESC,H1,Wnt3a+Activin-A(WA)_6hr,yes,rep1,Estaras2015,GRO-seq,14605511,32880327,0.444202121226
SRR1745526,human,ESC,ESC,H1,Wnt3a+Activin_A(WA)_6hr,yes,rep1,Estaras2015,GRO-seq,19193459,42422027,0.452440874643
SRR1745527,human,ESC,ESC,H1,none,no,rep1,Estaras2015,GRO-seq,15102613,32013159,0.471762658599
SRR1745528,human,ESC,ESC,H1,none,no,rep1,Estaras2015,GRO-seq,19559131,40685834,0.480735653594
SRR1745529,human,ESC,ESC,H1,Wnt3a+Activin_A(WA)_6hr,yes,rep1,Estaras2015,GRO-seq,14653077,25606411,0.572242513799
SRR1745530,human,ESC,ESC,H1,Wnt3a+Activin_A(WA)_6hr,yes,rep1,Estaras2015,GRO-seq,19279250,33249225,0.57984058275
SRR1517780,mouse,Liver,Liver(C57BL/6),Liver,zt_1hr,no,rep1,Fang2014,GRO-seq,17890769,76843501,0.23282084714
SRR1517781,mouse,Liver,Liver(C57BL/6),Liver,zt_4hr,no,rep1,Fang2014,GRO-seq,22750389,90202873,0.252213574173
SRR1517782,mouse,Liver,Liver(C57BL/6),Liver,zt_7hr,no,rep1,Fang2014,GRO-seq,28363645,113028055,0.250943405157
SRR1517783,mouse,Liver,Liver(C57BL/6),Liver,zt_10hr,no,rep1,Fang2014,GRO-seq,72494618,173418133,0.418033666641
SRR1517784,mouse,Liver,Liver(C57BL/6),Liver,zt_13hr,no,rep1,Fang2014,GRO-seq,23419399,118378453,0.197834980999
SRR1517785,mouse,Liver,Liver(C57BL/6),Liver,zt_16hr,no,rep1,Fang2014,GRO-seq,24129760,98176995,0.245778147926
SRR1517786,mouse,Liver,Liver(C57BL/6),Liver,zt_19hr,no,rep1,Fang2014,GRO-seq,26763716,105375519,0.253984191527
SRR1517787,mouse,Liver,Liver(C57BL/6),Liver,zt_22hr,no,rep1,Fang2014,GRO-seq,70273140,122862704,0.571964784366
SRR1517788,mouse,Liver,Liver(C57BL/6),Liver,zt_10hr,no,rep2,Fang2014,GRO-seq,27042777,137243722,0.197041996573
SRR1517789,mouse,Liver,Liver(C57BL/6),Liver,zt_22hr,no,rep2,Fang2014,GRO-seq,26352952,133668191,0.197152006045
SRR1517790,mouse,Liver,Liver(C57BL/6),Liver_Rev-erba-wt,zt_10hr,no,rep1,Fang2014,GRO-seq,14597423,67188285,0.217261431811
SRR1517791,mouse,Liver,Liver(C57BL/6),Liver_Rev-erba-KO,zt_10hr,yes,rep2,Fang2014,GRO-seq,20798670,75944645,0.273866182402
SRR2036963,mouse,ESC,v6.5,v6.5,7SK_ASO_12hr,yes,rep1,Flynn2016,GRO-seq,23006033,46324819,0.496624347307
SRR2036964,mouse,ESC,v6.5,v6.5,7SK_ASO_12hr,yes,rep2,Flynn2016,GRO-seq,2383780,51981490,0.045858246849
SRR2036965,mouse,ESC,v6.5,v6.5,control,no,rep1,Flynn2016,GRO-seq,17218149,65448213,0.263080506109
SRR2036966,mouse,ESC,v6.5,v6.5,control,no,rep2,Flynn2016,GRO-seq,3010040,46762874,0.0643681566706
SRR2226207,mouse,ESC,v6.5,v6.5,7SK_ASO_12hr,yes,rep3,Flynn2016,GRO-seq,8863176,100599779,0.0881033347002
SRR2226208,mouse,ESC,v6.5,v6.5,7SK_ASO_12hr,yes,rep4,Flynn2016,GRO-seq,8746647,84759880,0.103193244257
SRR2226209,mouse,ESC,v6.5,v6.5,control,no,rep3,Flynn2016,GRO-seq,5359315,86427150,0.0620096231335
SRR2226210,mouse,ESC,v6.5,v6.5,control,no,rep4,Flynn2016,GRO-seq,5798062,94563002,0.0613142759575
SRR1661564,human,Embryonic_Kidney,HEK293,HEK293,plasmid_wt_pol_II,yes,rep1,Fong2014,GRO-seq,22882109,34038446,0.67224305716
SRR1661565,human,Embryonic_Kidney,HEK293,HEK293,plasmid_wt_pol_II_DRB,yes,rep1,Fong2014,GRO-seq,20157031,33075777,0.609419727313
SRR1661566,human,Embryonic_Kidney,HEK293,HEK293,plasmid_wt_pol_II_washout_10min,yes,rep1,Fong2014,GRO-seq,23767391,35903416,0.661981327905
SRR1661567,human,Embryonic_Kidney,HEK293,HEK293,plasmid_wt_pol_III_washout_20min,yes,rep1,Fong2014,GRO-seq,20887716,31723527,0.658429814566
SRR1661568,human,Embryonic_Kidney,HEK293,HEK293,plasmid_R749H_pol_II,yes,rep1,Fong2014,GRO-seq,15033333,28275692,0.531669852678
SRR1661569,human,Embryonic_Kidney,HEK293,HEK293,plasmid_R749H_pol_II_DRB,yes,rep1,Fong2014,GRO-seq,14655991,29500674,0.496801903577
SRR1661570,human,Embryonic_Kidney,HEK293,HEK293,plasmid_R749H_pol_II_washout_10min,yes,rep1,Fong2014,GRO-seq,14144331,27588765,0.512684456879
SRR1661571,human,Embryonic_Kidney,HEK293,HEK293,plasmid_R749H_pol_II_washout_20min,yes,rep1,Fong2014,GRO-seq,13887270,27822722,0.499134124979
SRR1661572,human,Embryonic_Kidney,HEK293,HEK293,plasmid_H1106Y_pol_II,yes,rep1,Fong2014,GRO-seq,5485034,12120026,0.452559590219
SRR1661573,human,Embryonic_Kidney,HEK293,HEK293,plasmid_H1106Y_pol_II_DRB,yes,rep1,Fong2014,GRO-seq,4208220,8612004,0.488645848283
SRR1661574,human,Embryonic_Kidney,HEK293,HEK293,plasmid_H1106Y_pol_II_washout_10min,yes,rep1,Fong2014,GRO-seq,3498727,8913765,0.392508328411
SRR1661575,human,Embryonic_Kidney,HEK293,HEK293,plasmid_H1106Y_pol_II_washout_20min,yes,rep1,Fong2014,GRO-seq,4390341,8818116,0.497877437766
SRR1661576,human,Embryonic_Kidney,HEK293,HEK293,plasmid_E1126G_pol_II_DRB,yes,rep1,Fong2014,GRO-seq,6524820,13741941,0.474810654477
SRR1661577,human,Embryonic_Kidney,HEK293,HEK293,plasmid_E1126G_pol_II_DRB,yes,rep1,Fong2014,GRO-seq,7164672,14418049,0.496923820969
SRR1661578,human,Embryonic_Kidney,HEK293,HEK293,plasmid_E1126G_pol_II_washout_10min,yes,rep1,Fong2014,GRO-seq,10820220,20612179,0.524943044595
SRR1661579,human,Embryonic_Kidney,HEK293,HEK293,plasmid_E1126G_pol_II_washout_20min,yes,rep1,Fong2014,GRO-seq,7062520,15271960,0.462450137376
SRR1519032,human,breast_cancer,MCF7,MCF7,vehicle_40min,no,rep1,Franco2015,GRO-seq,26379107,28284321,0.932640631536
SRR1519033,human,breast_cancer,MCF7,MCF7,vehicle_40min,no,rep2,Franco2015,GRO-seq,19996242,21129556,0.946363567696
SRR1519034,human,breast_cancer,MCF7,MCF7,vehicle_40min,no,rep3,Franco2015,GRO-seq,26439631,27525407,0.96055368046
SRR1519035,human,breast_cancer,MCF7,MCF7,E2_40min,yes,rep1,Franco2015,GRO-seq,18025469,19415428,0.928409561716
SRR1519036,human,breast_cancer,MCF7,MCF7,E2_40min,yes,rep2,Franco2015,GRO-seq,28444869,29391152,0.967803813882
SRR1519037,human,breast_cancer,MCF7,MCF7,E2_40min,yes,rep3,Franco2015,GRO-seq,19342209,20796695,0.930061675665
SRR1519038,human,breast_cancer,MCF7,MCF7,TNFa_40min,yes,rep1,Franco2015,GRO-seq,19079678,20950397,0.91070722908
SRR1519039,human,breast_cancer,MCF7,MCF7,TNFa_40min,yes,rep2,Franco2015,GRO-seq,23252697,24073177,0.965917253049
SRR1519040,human,breast_cancer,MCF7,MCF7,TNFa_40min,yes,rep3,Franco2015,GRO-seq,22621781,23507716,0.962313012459
SRR1519041,human,breast_cancer,MCF7,MCF7,E2_TNFa_40min,yes,rep1,Franco2015,GRO-seq,20440917,22571166,0.905620781842
SRR1519042,human,breast_cancer,MCF7,MCF7,E2_TNFa_40min,yes,rep2,Franco2015,GRO-seq,21905938,22927648,0.955437644542
SRR1519043,human,breast_cancer,MCF7,MCF7,E2_TNFa_40min,yes,rep3,Franco2015,GRO-seq,23354296,24570863,0.950487412672
SRR828695,human,colorectal_cancer,HCT116,HCT116,DMSO_1hr,no,rep1-a,Galbraith2013,GRO-seq,54300036,69399243,0.782429802584
SRR828696,human,colorectal_cancer,HCT116,HCT116,DMSO_1hr,no,rep1-b,Galbraith2013,GRO-seq,191653174,213359891,0.898262429277
SRR828729,human,colorectal_cancer,HCT116,HCT116,DMSO_1hr,no,rep1-c,Galbraith2013,GRO-seq,135980724,142620314,0.953445692175
SRR1342250,human,cervical_cancer,HeLa,HeLa,EGF_20min,yes,rep1,Gardini2014,GRO-seq,55746003,59146694,0.94250412373
SRR1342251,human,cervical_cancer,HeLa,HeLa,EGF_20min_shRNA_Integrator,yes,rep1,Gardini2014,GRO-seq,43294366,45851835,0.94422319194
SRR1342252,human,cervical_cancer,HeLa,HeLa,EGF_20min,yes,rep2,Gardini2014,GRO-seq,113423096,144111920,0.787048677167
SRR1342253,human,cervical_cancer,HeLa,HeLa,EGF_20min_shRNA_Integrator,yes,rep2,Gardini2014,GRO-seq,75682722,107177004,0.70614702012
SRR497904,human,breast_cancer,MCF7,MCF7,vehicle,no,rep1-a,Hah2013,GRO-seq,2492024,3567059,0.698621469395
SRR497905,human,breast_cancer,MCF7,MCF7,vehicle,no,rep1-b,Hah2013,GRO-seq,830893,1490968,0.557284260963
SRR497906,human,breast_cancer,MCF7,MCF7,vehicle,no,rep1-c,Hah2013,GRO-seq,4102726,6530240,0.628265729897
SRR497907,human,breast_cancer,MCF7,MCF7,vehicle,no,rep2-a,Hah2013,GRO-seq,4932358,5820155,0.847461622586
SRR497908,human,breast_cancer,MCF7,MCF7,vehicle,no,rep2-b,Hah2013,GRO-seq,4920064,5791707,0.849501537284
SRR497909,human,breast_cancer,MCF7,MCF7,vehicle,no,rep2-c,Hah2013,GRO-seq,2167349,2734814,0.792503256163
SRR497910,human,breast_cancer,MCF7,MCF7,vehicle,no,rep2-d,Hah2013,GRO-seq,2245538,2840867,0.790441087175
SRR497911,human,breast_cancer,MCF7,MCF7,E2_10min,yes,rep1,Hah2013,GRO-seq,6879833,8192839,0.839737360883
SRR497912,human,breast_cancer,MCF7,MCF7,E2_10min,yes,rep2-a,Hah2013,GRO-seq,9893123,12772440,0.774567976048
SRR497913,human,breast_cancer,MCF7,MCF7,E2_10min,yes,rep2-b,Hah2013,GRO-seq,8551293,10956742,0.780459465049
SRR497914,human,breast_cancer,MCF7,MCF7,E2_40min,yes,rep1-a,Hah2013,GRO-seq,5096790,5716069,0.89165998521
SRR497915,human,breast_cancer,MCF7,MCF7,E2_40min,yes,rep1-b,Hah2013,GRO-seq,443384,655442,0.676465652186
SRR497916,human,breast_cancer,MCF7,MCF7,E2_40min,yes,rep1-c,Hah2013,GRO-seq,5705837,6563255,0.869360858294
SRR497917,human,breast_cancer,MCF7,MCF7,E2_40min,yes,rep2-a,Hah2013,GRO-seq,5165961,6094861,0.847592914752
SRR497918,human,breast_cancer,MCF7,MCF7,E2_40min,yes,rep2-b,Hah2013,GRO-seq,5016208,5914307,0.848148058598
SRR497919,human,breast_cancer,MCF7,MCF7,E2_40min,yes,rep2-c,Hah2013,GRO-seq,6153,6400,0.96140625
SRR497920,human,breast_cancer,MCF7,MCF7,E2_40min,yes,rep2-d,Hah2013,GRO-seq,1995517,2676309,0.745622796172
SRR497921,human,breast_cancer,MCF7,MCF7,E2_160min,yes,rep1,Hah2013,GRO-seq,9696785,12796066,0.757794231446
SRR497922,human,breast_cancer,MCF7,MCF7,E2_160min,yes,rep2-a,Hah2013,GRO-seq,8498782,12786121,0.664688062939
SRR497923,human,breast_cancer,MCF7,MCF7,E2_160min,yes,rep2-b,Hah2013,GRO-seq,7072686,11239959,0.629244821978
SRR653421,human,breast_cancer,MCF7,MCF7,vehicle,no,rep1,Hah2013,GRO-seq,22203152,33383594,0.665091721401
SRR653422,human,breast_cancer,MCF7,MCF7,vehicle,no,rep2,Hah2013,GRO-seq,28761988,33243862,0.86518190937
SRR653423,human,breast_cancer,MCF7,MCF7,E2_10min,yes,rep1,Hah2013,GRO-seq,31532402,34462545,0.914976012364
SRR653424,human,breast_cancer,MCF7,MCF7,E2_10min,yes,rep2,Hah2013,GRO-seq,27981367,31866120,0.878091433786
SRR653425,human,breast_cancer,MCF7,MCF7,E2_40min,yes,rep1,Hah2013,GRO-seq,31367729,35005512,0.896079708818
SRR653426,human,breast_cancer,MCF7,MCF7,E2_40min,yes,rep2,Hah2013,GRO-seq,22757475,25263267,0.900812828365
SRR1560531,mouse,Myeloid,Macrophage,bone_marrow_macrophage,none,no,rep1,Hah2015,GRO-seq,53274410,94028916,0.566574754515
SRR1560532,mouse,Myeloid,Macrophage,bone_marrow_macrophage,none,no,rep2,Hah2015,GRO-seq,11535633,16525998,0.698029432171
SRR1560533,mouse,Myeloid,Macrophage,bone_marrow_macrophage,LPS_20min,yes,rep1,Hah2015,GRO-seq,51587366,87617457,0.588779539676
SRR1560534,mouse,Myeloid,Macrophage,bone_marrow_macrophage,LPS_20min,yes,rep2,Hah2015,GRO-seq,11318816,16260002,0.696114059519
SRR1560535,mouse,Myeloid,Macrophage,bone_marrow_macrophage,LPS_60min,yes,rep1,Hah2015,GRO-seq,42106337,80321768,0.524220744245
SRR1560536,mouse,Myeloid,Macrophage,bone_marrow_macrophage,LPS_60min,yes,rep2,Hah2015,GRO-seq,14261979,21525286,0.662568618136
SRR1560537,mouse,Myeloid,Macrophage,bone_marrow_macrophage,LPS_180min,yes,rep1,Hah2015,GRO-seq,41864940,70561577,0.593310719232
SRR1560538,mouse,Myeloid,Macrophage,bone_marrow_macrophage,LPS_180min,yes,rep2,Hah2015,GRO-seq,9766748,15523080,0.629175910966
SRR1950491,human,Myeloid,preB-cell,Nalm6,LUC_24hr,yes,rep1-a,Heinaniemi2015,GRO-seq,18138197,21580582,0.840486924773
SRR1950492,human,Myeloid,preB-cell,Nalm6,LUC_24hr,yes,rep1-b,Heinaniemi2015,GRO-seq,16655863,19872415,0.838139853661
SRR1950493,human,Myeloid,preB-cell,Nalm6,LUC_24hr,yes,rep2-a,Heinaniemi2015,GRO-seq,19714932,22241711,0.886394576388
SRR1950494,human,Myeloid,preB-cell,Nalm6,LUC_24hr,yes,rep2-b,Heinaniemi2015,GRO-seq,17573392,19919589,0.882216595935
SRR1950495,human,Myeloid,preB-cell,Nalm6,TEL-AML1_0hr,yes,rep1-a,Heinaniemi2015,GRO-seq,15147041,19115340,0.792402384682
SRR1950496,human,Myeloid,preB-cell,Nalm6,TEL-AML1_0hr,yes,rep1-b,Heinaniemi2015,GRO-seq,14017382,17622269,0.795435706946
SRR1950497,human,Myeloid,preB-cell,Nalm6,TEL-AML1_0hr,yes,rep2-a,Heinaniemi2015,GRO-seq,18277394,20937833,0.872936277599
SRR1950498,human,Myeloid,preB-cell,Nalm6,TEL-AML1_0hr,yes,rep2-b,Heinaniemi2015,GRO-seq,15569350,17913518,0.869139718954
SRR1950499,human,Myeloid,preB-cell,Nalm6,TEL-AML1_4hr,yes,rep1-a,Heinaniemi2015,GRO-seq,19239534,22659632,0.849066480868
SRR1950500,human,Myeloid,preB-cell,Nalm6,TEL-AML1_4hr,yes,rep1-b,Heinaniemi2015,GRO-seq,17223155,20335981,0.846930128426
SRR1950501,human,Myeloid,preB-cell,Nalm6,TEL-AML1_4hr,yes,rep2-a,Heinaniemi2015,GRO-seq,18207299,20962386,0.868569970995
SRR1950502,human,Myeloid,preB-cell,Nalm6,TEL-AML1_4hr,yes,rep2-b,Heinaniemi2015,GRO-seq,16306540,18861273,0.86455140117
SRR1950503,human,Myeloid,preB-cell,Nalm6,TEL-AML1_12hr,yes,rep1-a,Heinaniemi2015,GRO-seq,19720468,23696458,0.832211632641
SRR1950504,human,Myeloid,preB-cell,Nalm6,TEL-AML1_12hr,yes,rep1-b,Heinaniemi2015,GRO-seq,18124767,21855625,0.829295295833
SRR1950505,human,Myeloid,preB-cell,Nalm6,TEL-AML1_12hr,yes,rep2-a,Heinaniemi2015,GRO-seq,20089453,23375237,0.859433125748
SRR1950506,human,Myeloid,preB-cell,Nalm6,TEL-AML1_12hr,yes,rep2-b,Heinaniemi2015,GRO-seq,17937430,20982096,0.854892189989
SRR1950507,human,Myeloid,preB-cell,Nalm6,TEL-AML1_24hr,yes,rep1-a,Heinaniemi2015,GRO-seq,19417586,23119890,0.839864982057
SRR1950508,human,Myeloid,preB-cell,Nalm6,TEL-AML1_24hr,yes,rep1-b,Heinaniemi2015,GRO-seq,17797139,21232000,0.838222447249
SRR1950509,human,Myeloid,preB-cell,Nalm6,TEL-AML1_24hr,yes,rep2-a,Heinaniemi2015,GRO-seq,20239165,22910472,0.883402358537
SRR1950510,human,Myeloid,preB-cell,Nalm6,TEL-AML1_24hr,yes,rep2-b,Heinaniemi2015,GRO-seq,18013384,20467690,0.880088764291
SRR1950511,human,Myeloid,preB-cell,Nalm6,TEL-AML1-mut_24hr,yes,rep1-a,Heinaniemi2015,GRO-seq,16200294,18255374,0.887426025892
SRR1950512,human,Myeloid,preB-cell,Nalm6,TEL-AML1-mut_24hr,yes,rep1-b,Heinaniemi2015,GRO-seq,14812297,16720576,0.885872412529
SRR1950513,human,Myeloid,preB-cell,Nalm6,TEL-AML1-mut_24hr,yes,rep2-a,Heinaniemi2015,GRO-seq,14209011,16518771,0.860173617032
SRR1950514,human,Myeloid,preB-cell,Nalm6,TEL-AML1-mut_24hr,yes,rep2-b,Heinaniemi2015,GRO-seq,12651313,14793183,0.855212363695
SRR836116,mouse,Myeloid,Macrophage,peritoneal_thioglycolate-elicityed_macrophage,none,no,rep1,Heinz2013,GRO-seq,60540516,75621252,0.800575425543
SRR836117,mouse,Myeloid,Macrophage,peritoneal_thioglycolate-elicityed_macrophage,KLA_1hr,yes,rep1,Heinz2013,GRO-seq,58202245,72685172,0.800744407676
SRR836118,mouse,Myeloid,Macrophage,peritoneal_thioglycolate-elicityed_macrophage,none,no,rep2,Heinz2013,GRO-seq,62469836,74054310,0.843567862559
SRR836119,mouse,Myeloid,Macrophage,peritoneal_thioglycolate-elicityed_macrophage,KLA_1hr,yes,rep2,Heinz2013,GRO-seq,55086136,74022602,0.744179946552
SRR620530,human,Myeloid,Macrophage,Ntera2_hESCs,vehicle,no,rep1,Hu2012,GRO-seq,5640393,17693048,0.318791482395
SRR620531,human,Myeloid,Macrophage,Ntera2_hESCs,RA_2day,yes,rep1,Hu2012,GRO-seq,21086210,42720834,0.493581422123
SRR091798,mouse,muscle,C2C12,C2C12,none,no,rep1,Ji2011,GRO-seq,3972236,18122033,0.219193729534
SRR797530,mouse,embryonic_fibroblast,MEF,MEF_SRSF1-wt,Dox_4day,yes,rep1,Ji2013,GRO-seq,11767814,27771772,0.423732918447
SRR797531,mouse,embryonic_fibroblast,MEF,MEF_SRSF1-KO,Dox_4day,yes,rep1,Ji2013,GRO-seq,8130739,25184075,0.322852397795
SRR797532,mouse,embryonic_fibroblast,MEF,MEF_SRSF2-wt,Dox_2day,yes,rep1,Ji2013,GRO-seq,11173151,22482406,0.496973099765
SRR797533,mouse,embryonic_fibroblast,MEF,MEF_SRSF2-KO,Dox_2day,yes,rep1,Ji2013,GRO-seq,11135516,27098117,0.41093320248
SRR797534,mouse,embryonic_fibroblast,MEF,MEF,control,no,rep1,Ji2013,GRO-seq,11598560,50488822,0.229725304346
SRR797535,mouse,embryonic_fibroblast,MEF,MEF,DRB_3hr,yes,rep1,Ji2013,GRO-seq,9430055,46287338,0.203728609323
SRR639050,human,lung,fetal_lung,IMR90,vehicle,no,rep1,Jin2013,GRO-seq,70788169,83449629,0.848274220608
SRR639051,human,lung,fetal_lung,IMR90,TNFa_60min,yes,rep1,Jin2013,GRO-seq,70527447,91823343,0.768077535578
SRR1192053,human,prostate_cancer,LNCap,LNCap,DMSO_2hr+DHT_1hr,yes,rep1,Jin2014,GRO-seq,52245442,65821239,0.793747471086
SRR1192054,human,prostate_cancer,LNCap,LNCap,DMSO_2hr+Etoh_1hr,no,rep1,Jin2014,GRO-seq,41894857,51280589,0.816973007077
SRR1192055,human,prostate_cancer,LNCap,LNCap,SD70_2hr+DHT_1hr,yes,rep1,Jin2014,GRO-seq,40498867,50615191,0.800132651875
SRR1192056,human,prostate_cancer,LNCap,LNCap,SD70_2hr+Etoh_1hr,yes,rep1,Jin2014,GRO-seq,34494061,43220754,0.798090218417
SRR935093,mouse,ESC,v6.5,v6.5,none,no,rep1-a,Jonkers2014,GRO-seq,28508313,67058883,0.425123588772
SRR935094,mouse,ESC,v6.5,v6.5,none,no,rep1-b,Jonkers2014,GRO-seq,15776929,37830941,0.417037709953
SRR935095,mouse,ESC,v6.5,v6.5,none,no,rep2-a,Jonkers2014,GRO-seq,17654219,39836718,0.443164494625
SRR935096,mouse,ESC,v6.5,v6.5,none,no,rep2-b,Jonkers2014,GRO-seq,10893892,24160602,0.450894890781
SRR935097,mouse,ESC,v6.5,v6.5,FP_2min,yes,rep1-a,Jonkers2014,GRO-seq,24699903,58976901,0.41880638998
SRR935098,mouse,ESC,v6.5,v6.5,FP_2min,yes,rep1-b,Jonkers2014,GRO-seq,13607705,33126667,0.410777969302
SRR935099,mouse,ESC,v6.5,v6.5,FP_2min,yes,rep2-a,Jonkers2014,GRO-seq,13125848,25740121,0.509937307599
SRR935100,mouse,ESC,v6.5,v6.5,FP_2min,yes,rep2-b,Jonkers2014,GRO-seq,8046896,15525015,0.51831808214
SRR935101,mouse,ESC,v6.5,v6.5,FP_5min,yes,rep1-a,Jonkers2014,GRO-seq,23674709,52483638,0.451087422713
SRR935102,mouse,ESC,v6.5,v6.5,FP_5min,yes,rep1-b,Jonkers2014,GRO-seq,13119404,29611324,0.443053610166
SRR935103,mouse,ESC,v6.5,v6.5,FP_5min,yes,rep2-a,Jonkers2014,GRO-seq,14481184,31539824,0.45913965785
SRR935104,mouse,ESC,v6.5,v6.5,FP_5min,yes,rep2-b,Jonkers2014,GRO-seq,8986593,19218714,0.467595958814
SRR935105,mouse,ESC,v6.5,v6.5,FP_12.5min,yes,rep1-a,Jonkers2014,GRO-seq,24780773,54130827,0.457794095775
SRR935106,mouse,ESC,v6.5,v6.5,FP_12.5min,yes,rep1-b,Jonkers2014,GRO-seq,13689116,30469622,0.449270949275
SRR935107,mouse,ESC,v6.5,v6.5,FP_12.5min,yes,rep2-a,Jonkers2014,GRO-seq,18112369,34053489,0.531879978583
SRR935108,mouse,ESC,v6.5,v6.5,FP_12.5min,yes,rep2-b,Jonkers2014,GRO-seq,11135411,20621648,0.539986474408
SRR935109,mouse,ESC,v6.5,v6.5,FP_25min,yes,rep1-a,Jonkers2014,GRO-seq,24214630,60288847,0.401643607482
SRR935110,mouse,ESC,v6.5,v6.5,FP_25min,yes,rep1-b,Jonkers2014,GRO-seq,13311281,33946390,0.39212655602
SRR935111,mouse,ESC,v6.5,v6.5,FP_25min,yes,rep2-a,Jonkers2014,GRO-seq,24327405,46227629,0.526252492854
SRR935112,mouse,ESC,v6.5,v6.5,FP_25min,yes,rep2-b,Jonkers2014,GRO-seq,15044131,28165658,0.534130287317
SRR935113,mouse,ESC,v6.5,v6.5,FP_50min,yes,rep1-a,Jonkers2014,GRO-seq,28810095,65002618,0.443214379458
SRR935114,mouse,ESC,v6.5,v6.5,FP_50min,yes,rep1-b,Jonkers2014,GRO-seq,15825487,36611924,0.432249531601
SRR935115,mouse,ESC,v6.5,v6.5,FP_50min,yes,rep2-a,Jonkers2014,GRO-seq,27090590,51799868,0.522985695639
SRR935116,mouse,ESC,v6.5,v6.5,FP_50min,yes,rep2-b,Jonkers2014,GRO-seq,16653981,31354832,0.531145598229
SRR935117,mouse,ESC,v6.5,v6.5,DMSO_50min,no,rep1,Jonkers2014,GRO-seq,8463874,39054383,0.216720207819
SRR935118,mouse,ESC,v6.5,v6.5,DMSO_50min,no,rep2,Jonkers2014,GRO-seq,20186906,74359219,0.271478187526
SRR935119,mouse,ESC,v6.5,v6.5,TRP_12.5min,yes,rep1,Jonkers2014,GRO-seq,6763188,35515502,0.190429182164
SRR935120,mouse,ESC,v6.5,v6.5,TRP_12.5min,yes,rep2,Jonkers2014,GRO-seq,12253949,45737802,0.267917312686
SRR935121,mouse,ESC,v6.5,v6.5,TRP_25min,yes,rep2-a,Jonkers2014,GRO-seq,1711326,34107998,0.0501737451726
SRR935122,mouse,ESC,v6.5,v6.5,TRP_25min,yes,rep2-b,Jonkers2014,GRO-seq,16573811,76936275,0.215422581871
SRR935123,mouse,ESC,v6.5,v6.5,TRP_50min,yes,rep1,Jonkers2014,GRO-seq,8082695,37503054,0.215520981305
SRR935124,mouse,ESC,v6.5,v6.5,TRP_50min,yes,rep2,Jonkers2014,GRO-seq,9690058,40672137,0.238248066483
SRR930649,mouse,Myeloid,Macrophage,ThioMac,notx_1hr,yes,rep1-a,Kaikkonen2013,GRO-seq,7745877,8798070,0.880406384582
SRR930650,mouse,Myeloid,Macrophage,ThioMac,notx_1hr,yes,rep1-b,Kaikkonen2013,GRO-seq,4900265,6864445,0.71386179072
SRR930651,mouse,Myeloid,Macrophage,ThioMac,notx_1hr,yes,rep1-c,Kaikkonen2013,GRO-seq,14086119,18326190,0.768633251101
SRR930652,mouse,Myeloid,Macrophage,ThioMac,notx_1hr,yes,rep1-d,Kaikkonen2013,GRO-seq,6083342,7171045,0.848320154176
SRR930653,mouse,Myeloid,Macrophage,ThioMac,notx_6hr,yes,rep1-a,Kaikkonen2013,GRO-seq,5835586,6422769,0.908577904639
SRR930654,mouse,Myeloid,Macrophage,ThioMac,notx_6hr,yes,rep1-b,Kaikkonen2013,GRO-seq,4405660,4655173,0.946400917861
SRR930655,mouse,Myeloid,Macrophage,ThioMac,notx_12hr,yes,rep1-a,Kaikkonen2013,GRO-seq,7815938,8677583,0.900704493406
SRR930656,mouse,Myeloid,Macrophage,ThioMac,notx_12hr,yes,rep1-b,Kaikkonen2013,GRO-seq,4677557,7151206,0.654093449413
SRR930657,mouse,Myeloid,Macrophage,ThioMac,notx_24hr,yes,rep1-a,Kaikkonen2013,GRO-seq,8016978,8675825,0.924059441033
SRR930658,mouse,Myeloid,Macrophage,ThioMac,notx_12hr,yes,rep1-b,Kaikkonen2013,GRO-seq,5114759,5426247,0.942596052115
SRR930659,mouse,Myeloid,Macrophage,ThioMac,KLA_1hr,yes,rep1-a,Kaikkonen2013,GRO-seq,8319354,9525591,0.873368801999
SRR930660,mouse,Myeloid,Macrophage,ThioMac,KLA_1hr,yes,rep1-b,Kaikkonen2013,GRO-seq,5576996,8036757,0.693936123737
SRR930661,mouse,Myeloid,Macrophage,ThioMac,KLA_1hr,yes,rep1-c,Kaikkonen2013,GRO-seq,13614959,17046946,0.79867437839
SRR930662,mouse,Myeloid,Macrophage,ThioMac,KLA_1hr,yes,rep1-d,Kaikkonen2013,GRO-seq,5664616,6627673,0.854691533514
SRR930663,mouse,Myeloid,Macrophage,ThioMac,KLA_6hr,yes,rep1-a,Kaikkonen2013,GRO-seq,8379814,8939988,0.937340631777
SRR930664,mouse,Myeloid,Macrophage,ThioMac,KLA_6hr,yes,rep1-b,Kaikkonen2013,GRO-seq,6887444,7194144,0.957368103836
SRR930665,mouse,Myeloid,Macrophage,ThioMac,KLA_12hr,yes,rep1-a,Kaikkonen2013,GRO-seq,8560373,9518023,0.899385618211
SRR930666,mouse,Myeloid,Macrophage,ThioMac,KLA_12hr,yes,rep1-b,Kaikkonen2013,GRO-seq,4272852,6771111,0.631041493781
SRR930667,mouse,Myeloid,Macrophage,ThioMac,KLA_24hr,yes,rep1-a,Kaikkonen2013,GRO-seq,6132764,6666888,0.919884059849
SRR930668,mouse,Myeloid,Macrophage,ThioMac,KLA_24hr,yes,rep1-b,Kaikkonen2013,GRO-seq,4829704,5106471,0.945800730093
SRR930669,mouse,Myeloid,Macrophage,ThioMac,notx,yes,rep2,Kaikkonen2013,GRO-seq,15537325,18038525,0.861341212765
SRR930670,mouse,Myeloid,Macrophage,ThioMac,KLA_10min,yes,rep2,Kaikkonen2013,GRO-seq,14575719,16879670,0.863507343449
SRR930671,mouse,Myeloid,Macrophage,ThioMac,KLA_1hr,yes,rep2,Kaikkonen2013,GRO-seq,12642406,14412497,0.877183599761
SRR930672,mouse,Myeloid,Macrophage,ThioMac,KLA_6hr,yes,rep2,Kaikkonen2013,GRO-seq,16438341,18904984,0.869524195313
SRR930673,mouse,Myeloid,Macrophage,ThioMac,KLA_12hr,yes,rep2,Kaikkonen2013,GRO-seq,15030813,17420312,0.862832594502
SRR930674,mouse,Myeloid,Macrophage,ThioMac,KLA_24hr,yes,rep2,Kaikkonen2013,GRO-seq,15158753,18132469,0.836000491715
SRR930675,mouse,Myeloid,Macrophage,ThioMac,notx,yes,rep3,Kaikkonen2013,GRO-seq,8145847,8726639,0.933446083882
SRR930676,mouse,Myeloid,Macrophage,ThioMac,notx,yes,rep4,Kaikkonen2013,GRO-seq,27645282,33234354,0.831828474837
SRR930677,mouse,Myeloid,Macrophage,ThioMac,notx,yes,rep5-a,Kaikkonen2013,GRO-seq,32757392,36371635,0.900630175135
SRR930678,mouse,Myeloid,Macrophage,ThioMac,notx,yes,rep5-b,Kaikkonen2013,GRO-seq,20423992,22914004,0.891332304908
SRR930679,mouse,Myeloid,Macrophage,ThioMac,KLA_1hr,yes,rep3,Kaikkonen2013,GRO-seq,7613477,8695946,0.87552027117
SRR930680,mouse,Myeloid,Macrophage,ThioMac,KLA_1hr,yes,rep4,Kaikkonen2013,GRO-seq,27002906,31864564,0.847427443225
SRR930681,mouse,Myeloid,Macrophage,ThioMac,KLA_6hr,yes,rep4,Kaikkonen2013,GRO-seq,23379791,27139792,0.861458002331
SRR930682,mouse,Myeloid,Macrophage,ThioMac,KLA_1hr,yes,rep5-a,Kaikkonen2013,GRO-seq,31279027,35437696,0.882648437415
SRR930683,mouse,Myeloid,Macrophage,ThioMac,KLA_1hr,yes,rep5-b,Kaikkonen2013,GRO-seq,21330150,24400308,0.874175440736
SRR930684,mouse,Myeloid,Macrophage,ThioMac,DMSO_2hr,no,rep1,Kaikkonen2013,GRO-seq,51622479,59784701,0.86347306479
SRR930685,mouse,Myeloid,Macrophage,ThioMac,FP_2hr,yes,rep1,Kaikkonen2013,GRO-seq,70092094,79433900,0.882395224205
SRR930686,mouse,Myeloid,Macrophage,ThioMac,IBET_2hr,yes,rep1,Kaikkonen2013,GRO-seq,45599611,53788853,0.847752061194
SRR930687,mouse,Myeloid,Macrophage,ThioMac,DMSO_2hr+KLA_1hr,yes,rep1,Kaikkonen2013,GRO-seq,32538108,37977935,0.856763486482
SRR930688,mouse,Myeloid,Macrophage,ThioMac,FP_2hr+KLA_1hr,yes,rep1,Kaikkonen2013,GRO-seq,97563222,107171899,0.910343316768
SRR930689,mouse,Myeloid,Macrophage,ThioMac,IBET_2hr+KLA_1hr,yes,rep1,Kaikkonen2013,GRO-seq,58195180,67304731,0.864652144587
SRR930690,mouse,Myeloid,Macrophage,ThioMac,FP_2hr+KLA_1hr,yes,rep2,Kaikkonen2013,GRO-seq,18166648,24229021,0.74978877603
SRR930691,mouse,Myeloid,Macrophage,ThioMac,DMSO_2hr,no,rep3-a,Kaikkonen2013,GRO-seq,3004298,4000000,0.7510745
SRR930692,mouse,Myeloid,Macrophage,ThioMac,DMSO_2hr,no,rep3-b,Kaikkonen2013,GRO-seq,3012718,4000000,0.7531795
SRR930693,mouse,Myeloid,Macrophage,ThioMac,DMSO_2hr,no,rep3-c,Kaikkonen2013,GRO-seq,3020976,4000000,0.755244
SRR930694,mouse,Myeloid,Macrophage,ThioMac,DMSO_2hr,no,rep3-d,Kaikkonen2013,GRO-seq,2626711,3491302,0.752358575683
SRR930695,mouse,Myeloid,Macrophage,ThioMac,DMSO_2hr+KLA_1hr,yes,rep3-a,Kaikkonen2013,GRO-seq,3008510,4000000,0.7521275
SRR930696,mouse,Myeloid,Macrophage,ThioMac,DMSO_2hr+KLA_1hr,yes,rep3-b,Kaikkonen2013,GRO-seq,3008139,4000000,0.75203475
SRR930697,mouse,Myeloid,Macrophage,ThioMac,DMSO_2hr+KLA_1hr,yes,rep3-c,Kaikkonen2013,GRO-seq,2994110,4000000,0.7485275
SRR930698,mouse,Myeloid,Macrophage,ThioMac,DMSO_2hr+KLA_1hr,yes,rep3-d,Kaikkonen2013,GRO-seq,3010999,4000000,0.75274975
SRR930699,mouse,Myeloid,Macrophage,ThioMac,DMSO_2hr+KLA_1hr,yes,rep3-e,Kaikkonen2013,GRO-seq,3014924,4000000,0.753731
SRR930700,mouse,Myeloid,Macrophage,ThioMac,DMSO_2hr+KLA_1hr,yes,rep3-f,Kaikkonen2013,GRO-seq,2822570,3751162,0.752452173487
SRR930701,mouse,Myeloid,Macrophage,ThioMac,ActinomycinD_2hr+KLA_1hr,yes,rep3-a,Kaikkonen2013,GRO-seq,3081260,4000000,0.770315
SRR930702,mouse,Myeloid,Macrophage,ThioMac,ActinomycinD_2hr+KLA_1hr,yes,rep3-b,Kaikkonen2013,GRO-seq,3076130,4000000,0.7690325
SRR930703,mouse,Myeloid,Macrophage,ThioMac,ActinomycinD_2hr+KLA_1hr,yes,rep3-c,Kaikkonen2013,GRO-seq,3083682,4000000,0.7709205
SRR930704,mouse,Myeloid,Macrophage,ThioMac,ActinomycinD_2hr+KLA_1hr,yes,rep3-d,Kaikkonen2013,GRO-seq,1790293,2330141,0.768319599544
SRR930705,mouse,Myeloid,Macrophage,ThioMac,ActinomycinD_2hr+KLA_1hr,yes,rep3-e,Kaikkonen2013,GRO-seq,3083776,4000000,0.770944
SRR930706,mouse,Myeloid,Macrophage,ThioMac,ActinomycinD_2hr+KLA_1hr,yes,rep3-f,Kaikkonen2013,GRO-seq,3068008,4000000,0.767002
SRR930707,mouse,Myeloid,Macrophage,ThioMac,TRP_2hr+KLA_1hr,yes,rep3-a,Kaikkonen2013,GRO-seq,2913753,4000000,0.72843825
SRR930708,mouse,Myeloid,Macrophage,ThioMac,TRP_2hr+KLA_1hr,yes,rep3-b,Kaikkonen2013,GRO-seq,2917857,4000000,0.72946425
SRR930709,mouse,Myeloid,Macrophage,ThioMac,TRP_2hr+KLA_1hr,yes,rep3-c,Kaikkonen2013,GRO-seq,2912165,4000000,0.72804125
SRR930710,mouse,Myeloid,Macrophage,ThioMac,TRP_2hr+KLA_1hr,yes,rep3-d,Kaikkonen2013,GRO-seq,2908784,4000000,0.727196
SRR930711,mouse,Myeloid,Macrophage,ThioMac,TRP_2hr+KLA_1hr,yes,rep3-e,Kaikkonen2013,GRO-seq,2297163,3146780,0.730004321878
SRR930712,mouse,Myeloid,Macrophage,ThioMac,a-amanitin_5hr+KLA_1hr,yes,rep3-a,Kaikkonen2013,GRO-seq,3050207,4000000,0.76255175
SRR930713,mouse,Myeloid,Macrophage,ThioMac,a-amanitin_5hr+KLA_1hr,yes,rep3-b,Kaikkonen2013,GRO-seq,3039727,4000000,0.75993175
SRR930714,mouse,Myeloid,Macrophage,ThioMac,a-amanitin_5hr+KLA_1hr,yes,rep3-c,Kaikkonen2013,GRO-seq,3045992,4000000,0.761498
SRR930715,mouse,Myeloid,Macrophage,ThioMac,a-amanitin_5hr+KLA_1hr,yes,rep3-d,Kaikkonen2013,GRO-seq,3047814,4000000,0.7619535
SRR930716,mouse,Myeloid,Macrophage,ThioMac,a-amanitin_5hr+KLA_1hr,yes,rep3-e,Kaikkonen2013,GRO-seq,759601,999073,0.76030580348
SRR930717,mouse,Myeloid,T-cell,PU.1-/-myeloid,notx_1hr,yes,rep1,Kaikkonen2013,GRO-seq,21012304,27590718,0.761571482119
SRR930718,mouse,Myeloid,T-cell,PU.1-/-myeloid,KLA_1hr,yes,rep1,Kaikkonen2013,GRO-seq,19051288,23333601,0.816474405301
SRR930719,mouse,Myeloid,T-cell,PUER,Tamoxifen_24hr,yes,rep1,Kaikkonen2013,GRO-seq,23233969,27366449,0.848994657655
SRR930720,mouse,Myeloid,T-cell,PUER,Tamoxifen_24hr+KLA_1hr,yes,rep1,Kaikkonen2013,GRO-seq,22130316,26784144,0.826246901898
SRR1035898,human,Umbilical,Endothelial,HUVEC,control_2hr,no,rep1,Kaikkonen2014,GRO-seq,19520658,21526798,0.906807319881
SRR1035899,human,Umbilical,Endothelial,HUVEC,VEGFA_2hr,yes,rep1,Kaikkonen2014,GRO-seq,19707437,21199489,0.929618492219
SRR1035900,human,heart,Endothelial,HAEC,control_2hr,no,rep1,Kaikkonen2014,GRO-seq,20755295,24941900,0.832145706622
SRR1035901,human,heart,Endothelial,HAEC,VEGFA_2hr,yes,rep1,Kaikkonen2014,GRO-seq,15092309,20832692,0.724453133565
SRR1406747,human,Umbilical,Endothelial,HUVEC,control_2hr,no,rep2,Kaikkonen2014,GRO-seq,14068248,14833165,0.948431976588
SRR1406748,human,Umbilical,Endothelial,HUVEC,VEGFA_2hr,yes,rep2,Kaikkonen2014,GRO-seq,14787331,16156038,0.915282014068
ERR769522_1,human,cervical_cancer,HeLa,HeLa,DRB,yes,rep1,Laitem2015,GRO-seq,11728413,30443123,0.385256565169
ERR769522_2,human,cervical_cancer,HeLa,HeLa,DRB,yes,second pair of paired end,Laitem2015,GRO-seq,11763419,30443123,0.386406447197
ERR769523_1,human,cervical_cancer,HeLa,HeLa,KM05382,yes,rep1,Laitem2015,GRO-seq,13353227,32774446,0.407428000461
ERR769523_2,human,cervical_cancer,HeLa,HeLa,KM05382,yes,second pair of paired end,Laitem2015,GRO-seq,13387172,32774446,0.408463715908
ERR769524_1,human,cervical_cancer,HeLa,HeLa,DRB_control,yes,rep1,Laitem2015,GRO-seq,11036991,46714447,0.236265046657
ERR769524_2,human,cervical_cancer,HeLa,HeLa,DRB_control,yes,second pair of paired end,Laitem2015,GRO-seq,11083375,46714447,0.237257972892
ERR769525_1,human,cervical_cancer,HeLa,HeLa,KM_control,yes,rep1,Laitem2015,GRO-seq,10033919,50632288,0.198172340148
ERR769525_2,human,cervical_cancer,HeLa,HeLa,KM_control,yes,second pair of paired end,Laitem2015,GRO-seq,10006810,50632288,0.197636930806
SRR826209,mouse,Myeloid,Macrophage,BMDM,control,no,rep1-a,Lam2013,GRO-seq,2602555,4212931,0.617754005466
SRR826210,mouse,Myeloid,Macrophage,BMDM,control,no,rep1-b,Lam2013,GRO-seq,8715237,11369779,0.766526508563
SRR826211,mouse,Myeloid,Macrophage,BMDM,control,no,rep1-c,Lam2013,GRO-seq,4592615,6922258,0.663456201719
SRR826212,mouse,Myeloid,Macrophage,BMDM,control,no,rep1-d,Lam2013,GRO-seq,31607087,39511692,0.799942634702
SRR826213,mouse,Myeloid,Macrophage,BMDM,control,no,rep2-a,Lam2013,GRO-seq,2422607,4101970,0.590595981931
SRR826214,mouse,Myeloid,Macrophage,BMDM,control,no,rep2-b,Lam2013,GRO-seq,11592903,15521343,0.746900767543
SRR826215,mouse,Myeloid,Macrophage,BMDM,control,no,rep2-c,Lam2013,GRO-seq,5877116,9373753,0.62697576947
SRR826216,mouse,Myeloid,Macrophage,BMDM,control,no,rep2-d,Lam2013,GRO-seq,35590372,45499209,0.782219576608
SRR826217,mouse,Myeloid,Macrophage,BMDM,control,no,rep2-e,Lam2013,GRO-seq,2795719,4106097,0.680870179151
SRR826218,mouse,Myeloid,Macrophage,BMDM,RevErb_DKO,yes,rep1-a,Lam2013,GRO-seq,11325611,14673558,0.771838091348
SRR826219,mouse,Myeloid,Macrophage,BMDM,RevErb_DKO,yes,rep1-b,Lam2013,GRO-seq,6173323,8702692,0.709357863061
SRR826220,mouse,Myeloid,Macrophage,BMDM,RevErb_DKO,yes,rep1-c,Lam2013,GRO-seq,49273978,64182920,0.767711690275
SRR826221,mouse,Myeloid,Macrophage,BMDM,RevErb_DKO,yes,rep2-a,Lam2013,GRO-seq,2265448,3561876,0.636026633156
SRR826222,mouse,Myeloid,Macrophage,BMDM,RevErb_DKO,yes,rep2-b,Lam2013,GRO-seq,9721714,13035040,0.745813898538
SRR826223,mouse,Myeloid,Macrophage,BMDM,RevErb_DKO,yes,rep2-c,Lam2013,GRO-seq,6067731,9142434,0.663688794472
SRR826224,mouse,Myeloid,Macrophage,BMDM,RevErb_DKO,yes,rep2-d,Lam2013,GRO-seq,37037958,48998633,0.755897781883
SRR868693,mouse,Myeloid,Macrophage,BMDM,RevErb_DKO,yes,rep2-e,Lam2013,GRO-seq,10580964,12363482,0.85582394992
SRR826225,mouse,Myeloid,Macrophage,rawmacro,control,no,rep1,Lam2013,5'GRO,14123861,16417474,0.86029440339
SRR826226,mouse,Myeloid,Macrophage,rawmacro,control,no,rep2,Lam2013,5'GRO,9205047,10933937,0.841878547498
SRR826227,mouse,Myeloid,Macrophage,rawmacro,RevErb_DKO,yes,rep1,Lam2013,5'GRO,32346772,43161073,0.749443184603
SRR915731,human,breast_cancer,MCF7,MCF7/C4_12/Flag.ER_,vehicle,yes,rep1,Le2013,GRO-seq,17910710,25487752,0.702718309563
SRR915732,human,breast_cancer,MCF7,MCF7/C4_12/Flag.ER_,vehicle,yes,rep2,Le2013,GRO-seq,80318455,145225992,0.553058401557
SRR915733,human,breast_cancer,MCF7,MCF7/C4_12/Flag.ER_,E2_1hr,yes,rep1,Le2013,GRO-seq,20920647,24973518,0.837713252895
SRR915734,human,breast_cancer,MCF7,MCF7/C4_12/Flag.ER_,E2_2hr,yes,rep1,Le2013,GRO-seq,21591133,138728263,0.155636151806
SRR1501091,human,breast_cancer,MCF7,MCF7,DMSO_12hr,no,rep1,Leveille2015,GRO-seq,142369261,144414788,0.985835751114
SRR1501092,human,breast_cancer,MCF7,MCF7,DMSO_12hr,no,rep2,Leveille2015,GRO-seq,116199560,118028985,0.984500205606
SRR1501093,human,breast_cancer,MCF7,MCF7,Nutlin_12hr,no,rep1,Leveille2015,GRO-seq,126994488,128928432,0.984999864111
SRR1501094,human,breast_cancer,MCF7,MCF7,Nutlin_12hr,no,rep2,Leveille2015,GRO-seq,110154633,111781572,0.985445373769
SRR816998,human,breast_cancer,MCF7,MCF7,E2_1hr,yes,rep1,Li2013,GRO-seq,24556360,31364224,0.782941736419
SRR816999,human,breast_cancer,MCF7,MCF7,E2_1hr,yes,rep2,Li2013,GRO-seq,22764107,35157682,0.647486003201
SRR817000,human,breast_cancer,MCF7,MCF7,Etoh_1hr,yes,rep1,Li2013,GRO-seq,30804268,39609197,0.777704935548
SRR817001,human,breast_cancer,MCF7,MCF7,Etoh_1hr,yes,rep2,Li2013,GRO-seq,20696638,31906306,0.648669200377
SRR817002,human,breast_cancer,MCF7,MCF7,siSMC3_E2_1hr,yes,rep1,Li2013,GRO-seq,44707410,73910013,0.604889759659
SRR817003,human,breast_cancer,MCF7,MCF7,siSMC3_EtOH,yes,rep1,Li2013,GRO-seq,27371112,45461330,0.602074598345
SRR988329,mouse,Myeloid,Macrophage,ThioMac,notx,yes,rep1-a,Li2013b,GRO-seq,7637698,8798070,0.868110619715
SRR988330,mouse,Myeloid,Macrophage,ThioMac,notx,yes,rep1-b,Li2013b,GRO-seq,4734850,6864445,0.689764431065
SRR988331,mouse,Myeloid,Macrophage,ThioMac,notx,yes,rep1-c,Li2013b,GRO-seq,8077869,8726639,0.925656372402
SRR988332,mouse,Myeloid,Macrophage,ThioMac,notx,yes,rep1-d,Li2013b,GRO-seq,7699775,8677583,0.887317931733
SRR988333,mouse,Myeloid,Macrophage,ThioMac,notx,yes,rep1-e,Li2013b,GRO-seq,4511517,7151206,0.630874988079
SRR988334,mouse,Myeloid,Macrophage,ThioMac-NCoRKO,notx,yes,rep1-a,Li2013b,GRO-seq,4042595,4689198,0.862107976673
SRR988335,mouse,Myeloid,Macrophage,ThioMac-NCoRKO,notx,yes,rep1-b,Li2013b,GRO-seq,4893602,9296290,0.526403758919
SRR988336,mouse,Myeloid,Macrophage,ThioMac-NCoRKO,notx,yes,rep1-c,Li2013b,GRO-seq,4466211,6084056,0.734084466021
SRR988337,mouse,Myeloid,Macrophage,ThioMac-NCoRKO,notx,yes,rep1-d,Li2013b,GRO-seq,3418164,5664406,0.603446151282
SRR988338,mouse,Myeloid,Macrophage,ThioMac,KLA_1hr,yes,rep1-a,Li2013b,GRO-seq,8187713,9525591,0.859549082046
SRR988339,mouse,Myeloid,Macrophage,ThioMac,KLA_1hr,yes,rep1-b,Li2013b,GRO-seq,7403906,8695946,0.851420420504
SRR988340,mouse,Myeloid,Macrophage,ThioMac,KLA_1hr,yes,rep1-c,Li2013b,GRO-seq,5364061,8036757,0.667440983969
SRR988341,mouse,Myeloid,Macrophage,ThioMac-NCoRKO,KLA_1hr,yes,rep1-a,Li2013b,GRO-seq,10115453,11735298,0.861968140903
SRR988342,mouse,Myeloid,Macrophage,ThioMac-NCoRKO,KLA_1hr,yes,rep1-b,Li2013b,GRO-seq,2924447,7736644,0.377999427142
SRR988343,mouse,Myeloid,Macrophage,ThioMac,KLA_12hr,yes,rep1-a,Li2013b,GRO-seq,8422479,9518023,0.884897945718
SRR988344,mouse,Myeloid,Macrophage,ThioMac,KLA_12hr,yes,rep1-b,Li2013b,GRO-seq,4099644,6771111,0.605461053585
SRR988345,mouse,Myeloid,Macrophage,ThioMac-NCoRKO,KLA_12hr,yes,rep1-a,Li2013b,GRO-seq,8342948,10978069,0.759964981091
SRR988346,mouse,Myeloid,Macrophage,ThioMac-NCoRKO,KLA_12hr,yes,rep1-b,Li2013b,GRO-seq,2951885,5519792,0.534781926565
SRR1609863,human,breast_cancer,MCF7,MCF7,Etoh_1hr_siCTL,yes,rep1,Li2015,GRO-seq,35144941,45603448,0.770664117327
SRR1609864,human,breast_cancer,MCF7,MCF7,E2_1hr_siCTL,yes,rep1,Li2015,GRO-seq,35286699,50715571,0.695776431266
SRR1609865,human,breast_cancer,MCF7,MCF7,Etoh_1hr_siNCAPG,yes,rep1,Li2015,GRO-seq,36707032,52169438,0.703611796623
SRR1609866,human,breast_cancer,MCF7,MCF7,E2_1hr_siNCAPG,yes,rep1,Li2015,GRO-seq,31186540,45106335,0.691400442975
SRR1609867,human,breast_cancer,MCF7,MCF7,Etoh_1hr_siCTL,yes,rep2,Li2015,GRO-seq,22716300,29552932,0.76866484855
SRR1609868,human,breast_cancer,MCF7,MCF7,E2_1hr_siCTL,yes,rep2,Li2015,GRO-seq,37983256,50183234,0.756891355388
SRR1609869,human,breast_cancer,MCF7,MCF7,Etoh_1hr_siNCAPD3,yes,rep1,Li2015,GRO-seq,31236755,42860212,0.728805424481
SRR1609870,human,breast_cancer,MCF7,MCF7,E2_1hr_siNCAPD3,yes,rep1,Li2015,GRO-seq,35749650,43181671,0.827889453375
SRR543417,mouse,Myeloid,B-cell,Tcf3(E2A)deficient_pre-pro-B,none,no,rep1-a,Lin2012,GRO-seq,17311563,28858240,0.599882841088
SRR543418,mouse,Myeloid,B-cell,Tcf3(E2A)deficient_pre-pro-B,none,no,rep1-b,Lin2012,GRO-seq,25353525,50385382,0.503192076623
SRR543419,mouse,Myeloid,B-cell,Rag1_deficient_pro-B,none,no,rep1-a,Lin2012,GRO-seq,28723907,43787564,0.655983214778
SRR543420,mouse,Myeloid,B-cell,Rag1_deficient_pro-B,none,no,rep1-b,Lin2012,GRO-seq,34796570,64067514,0.543123461916
SRR1542320,human,breast_cancer,MCF7,MCF7,siCTL_vehicle,no,rep1,Liu2014,GRO-seq,23199714,26824817,0.864860103239
SRR1542321,human,breast_cancer,MCF7,MCF7,siCTL_E2,yes,rep1,Liu2014,GRO-seq,32540044,57943874,0.561578675254
SRR1542322,human,breast_cancer,MCF7,MCF7,siGATA3_vehicle,yes,rep1,Liu2014,GRO-seq,41907692,49031229,0.854714288316
SRR1542323,human,breast_cancer,MCF7,MCF7,siGATA3_E2,yes,rep2,Liu2014,GRO-seq,37997629,52923067,0.717978589563
SRR1542324,human,breast_cancer,MCF7,MCF7,shCTL_vehicle,yes,rep2,Liu2014,GRO-seq,44786463,51408485,0.871188151139
SRR1542325,human,breast_cancer,MCF7,MCF7,shCTL_RA,yes,rep2,Liu2014,GRO-seq,40072019,46054071,0.870108073616
SRR1542326,human,breast_cancer,MCF7,MCF7,shCTL_E2,yes,rep2,Liu2014,GRO-seq,32087591,47527368,0.67513923767
SRR1542327,human,breast_cancer,MCF7,MCF7,shRARs_vehicle,yes,rep2,Liu2014,GRO-seq,39017458,50479474,0.772937095184
SRR1542328,human,breast_cancer,MCF7,MCF7,shRARs_RA,yes,rep2,Liu2014,GRO-seq,19672329,25457902,0.772739599673
SRR1542329,human,breast_cancer,MCF7,MCF7,shRARs_E2,yes,rep2,Liu2014,GRO-seq,38185593,47526633,0.803456727094
SRR1542330,human,breast_cancer,MCF7,MCF7,shCTL_vehicle,yes,rep2,Liu2014,GRO-seq,48118855,51290726,0.938158976342
SRR1542331,human,breast_cancer,MCF7,MCF7,shCTL_E2,yes,rep3,Liu2014,GRO-seq,46032739,48474485,0.94962822194
SRR1542332,human,breast_cancer,MCF7,MCF7,shAP2g_vehicle,yes,rep3,Liu2014,GRO-seq,44768881,47953658,0.933586359564
SRR1542333,human,breast_cancer,MCF7,MCF7,shAP2g_E2,yes,rep3,Liu2014,GRO-seq,46680061,49969579,0.93416958746
SRR1015583,human,heart,AC16,AC16,vehicle,no,rep1,Luo2014,GRO-seq,19011221,22552183,0.84298806018
SRR1015584,human,heart,AC16,AC16,vehicle,no,rep1,Luo2014,GRO-seq,21108268,23983780,0.880105971619
SRR1015585,human,heart,AC16,AC16,TNFa_10min,yes,rep1,Luo2014,GRO-seq,18543996,21846644,0.848825842541
SRR1015586,human,heart,AC16,AC16,TNFa_10min,yes,rep2,Luo2014,GRO-seq,16237770,18439747,0.880585292195
SRR1015587,human,heart,AC16,AC16,TNFa_30min,yes,rep1,Luo2014,GRO-seq,13927907,16498888,0.844172467866
SRR1015588,human,heart,AC16,AC16,TNFa_30min,yes,rep2,Luo2014,GRO-seq,19624126,22295988,0.880164000806
SRR1015589,human,heart,AC16,AC16,TNFa_120min,yes,rep1,Luo2014,GRO-seq,17914005,20578322,0.870527975993
SRR1015590,human,heart,AC16,AC16,TNFa_120min,yes,rep2,Luo2014,GRO-seq,20461768,24555585,0.833283670497
SRR1015591,human,heart,AC16,AC16,control_notvechicle,no,rep1,Luo2014,GRO-seq,38895106,141172786,0.275514191524
SRR1015592,human,heart,AC16,AC16,control_notvechicle,no,rep2,Luo2014,GRO-seq,29107648,88677146,0.328242949993
SRR1015593,human,heart,AC16,AC16,a-amanitin_15min,yes,rep1,Luo2014,GRO-seq,90559403,201650863,0.449090083983
SRR1015594,human,heart,AC16,AC16,a-amanitin_15min,yes,rep2,Luo2014,GRO-seq,107124411,228286817,0.469253601271
SRR2960994,human,leukemia,K562,K562,control_NA_.5hr_0hr_NA,no,rep1-a,Magnuson2015,Bru-seq,44073587,44515576,0.990071138246
SRR2960995,human,leukemia,K562,K562,control_NA_.5hr_0hr_NA,no,rep1-b,Magnuson2015,Bru-seq,44184444,44625841,0.990108937107
SRR2960996,human,leukemia,K562,K562,control_NA_.5hr_6hr_.5hr,no,rep1-a,Magnuson2015,Bru-seq,44894674,46105011,0.973748254826
SRR2960997,human,leukemia,K562,K562,control_NA_.5hr_6hr_.5hr,no,rep1-b,Magnuson2015,Bru-seq,45108808,46325394,0.973738248184
SRR2960998,human,leukemia,K562,K562,uv25J/m^2_0hr_.5hr_0hr_.5hr,yes,rep1-a,Magnuson2015,Bru-seq,42483961,43007304,0.987831299539
SRR2960999,human,leukemia,K562,K562,uv25J/m^2_0hr_.5hr_0hr_.5hr,yes,rep1-b,Magnuson2015,Bru-seq,42610581,43137746,0.987779495943
SRR2961000,human,leukemia,K562,K562,uv100J/m^2_0hr_.5hr_0hr_.5hr,yes,rep1-a,Magnuson2015,Bru-seq,42059007,42582349,0.987709884206
SRR2961001,human,leukemia,K562,K562,uv100J/m^2_0hr_.5hr_0hr_.5hr,yes,rep1-b,Magnuson2015,Bru-seq,42167959,42694360,0.987670479192
SRR2961002,human,foreskin_fibroblasts,HF1,HF1,control_NA_.5hr_0hr_NA,no,rep1-a,Magnuson2015,Bru-seq,30486465,30769678,0.990795711284
SRR2961003,human,foreskin_fibroblasts,HF1,HF1,control_NA_.5hr_0hr_NA,no,rep1-b,Magnuson2015,Bru-seq,30557843,30829867,0.99117660806
SRR2961004,human,foreskin_fibroblasts,HF1,HF1,uv20J/m^2_0hr_.5hr_0hr_NA,yes,rep1-a,Magnuson2015,Bru-seq,28857436,29268863,0.985943184742
SRR2961005,human,foreskin_fibroblasts,HF1,HF1,uv20J/m^2_0hr_.5hr_0hr_NA,yes,rep1-b,Magnuson2015,Bru-seq,28923954,29327394,0.986243578274
SRR2961006,human,foreskin_fibroblasts,HF1,HF1,uv20J/m^2_0hr_.5hr_0hr_.5hr,yes,rep1-a,Magnuson2015,Bru-seq,25707859,27275969,0.94250946685
SRR2961007,human,foreskin_fibroblasts,HF1,HF1,uv20J/m^2_0hr_.5hr_0hr_.5hr,yes,rep1-b,Magnuson2015,Bru-seq,25783358,27339596,0.943077505608
SRR2961008,human,foreskin_fibroblasts,HF1,HF1,uv20J/m^2_0hr_.5hr_0hr_NA,yes,rep2-a,Magnuson2015,Bru-seq,12364426,12648002,0.977579383684
SRR2961009,human,foreskin_fibroblasts,HF1,HF1,uv20J/m^2_0hr_.5hr_0hr_NA,yes,rep2-b,Magnuson2015,Bru-seq,12344811,12634804,0.977048080841
SRR2961010,human,foreskin_fibroblasts,HF1,HF1,uv20J/m^2_0hr_.5hr_0hr_NA,yes,rep2-c,Magnuson2015,Bru-seq,12148690,12434243,0.977034950982
SRR2961011,human,foreskin_fibroblasts,HF1,HF1,uv20J/m^2_0hr_.5hr_0hr_NA,yes,rep2-d,Magnuson2015,Bru-seq,12162502,12447804,0.977080133974
SRR2961012,human,foreskin_fibroblasts,HF1,HF1,uv20J/m^2_0hr_.5hr_0hr_NA,yes,rep3-a,Magnuson2015,Bru-seq,14218033,14461487,0.983165354987
SRR2961013,human,foreskin_fibroblasts,HF1,HF1,uv20J/m^2_0hr_.5hr_0hr_NA,yes,rep3-b,Magnuson2015,Bru-seq,14320909,14572016,0.982767861358
SRR2961014,human,foreskin_fibroblasts,HF1,HF1,uv20J/m^2_0hr_.5hr_0hr_NA,yes,rep3-c,Magnuson2015,Bru-seq,14111143,14360105,0.982662940139
SRR2961015,human,foreskin_fibroblasts,HF1,HF1,uv20J/m^2_0hr_.5hr_0hr_NA,yes,rep3-d,Magnuson2015,Bru-seq,14117707,14366180,0.982704309705
SRR408117,human,lung,Epithelial,A549,none,no,rep1,Marazzi2012,GRO-seq,58079306,99689640,0.58260122115
SRR408118,human,lung,Epithelial,A549,Flag-NS1_12hr,yes,rep1,Marazzi2012,GRO-seq,56163243,92840975,0.60494025402
SRR408119,human,lung,Epithelial,A549,delta-PAF_12hr,yes,rep1,Marazzi2012,GRO-seq,54146865,100862853,0.536836539811
SRR1575914,human,cervical_cancer,HeLa,HeLaS3,none,no,rep2-a,Mayer2015,NET-seq,32850093,269512731,0.121886980545
SRR1575915,human,cervical_cancer,HeLa,HeLaS3,none,no,rep2-b,Mayer2015,NET-seq,36340706,237780570,0.152832950144
SRR1575916,human,cervical_cancer,HeLa,HeLaS3,none,no,rep2-c,Mayer2015,NET-seq,37076855,242621845,0.152817463737
SRR1575917,human,cervical_cancer,HeLa,HeLaS3,none,no,rep2-d,Mayer2015,NET-seq,1155889,7682039,0.150466432154
SRR1575918,human,cervical_cancer,HeLa,HeLaS3,none,no,rep2-e,Mayer2015,NET-seq,1659952,10985876,0.151098738052
SRR1575919,human,cervical_cancer,HeLa,HeLaS3,none,no,rep1-a,Mayer2015,NET-seq,6392401,41058167,0.15569133907
SRR1575920,human,cervical_cancer,HeLa,HeLaS3,none,no,rep1-b,Mayer2015,NET-seq,16039017,134245009,0.119475704307
SRR1575921,human,kidney,HEK,HEK293T,none,no,rep1-a,Mayer2015,NET-seq,21337299,221472131,0.0963430428183
SRR1575922,human,kidney,HEK,HEK293T,none,no,rep1-b,Mayer2015,NET-seq,16559961,137281933,0.120627388019
SRR1575923,human,kidney,HEK,HEK293T,none,no,rep2-a,Mayer2015,NET-seq,38764541,288865526,0.134195802236
SRR1575924,human,kidney,HEK,HEK293T,none,no,rep2-b,Mayer2015,NET-seq,28653351,223206695,0.128371377928
SRR1575925,human,kidney,HEK,HEK293T,none,no,rep2-c,Mayer2015,NET-seq,23703321,185134869,0.128032720838
SRR1575926,human,kidney,HEK,HEK293T,none,no,rep2-d,Mayer2015,NET-seq,6254072,48955477,0.127750200453
SRR1575927,human,kidney,HEK,HEK293T,none,no,rep2-e,Mayer2015,NET-seq,11212787,88523162,0.126665007741
SRR1575928,human,kidney,HEK,HEK293T,none,no,rep2-f,Mayer2015,NET-seq,673537,5567041,0.120986534858
SRR1575929,human,cervical_cancer,HeLa,HeLaS3,DMSO,no,rep1-a,Mayer2015,NET-seq,38414012,234952320,0.16349705336
SRR1575930,human,cervical_cancer,HeLa,HeLaS3,DMSO,no,rep1-b,Mayer2015,NET-seq,31796739,189408996,0.16787343617
SRR1575931,human,cervical_cancer,HeLa,HeLaS3,DMSO,no,rep1-c,Mayer2015,NET-seq,11115703,66191652,0.167932098144
SRR1575932,human,cervical_cancer,HeLa,HeLaS3,FP,yes,rep1-a,Mayer2015,NET-seq,36027261,239106475,0.150674551996
SRR1575933,human,cervical_cancer,HeLa,HeLaS3,FP,yes,rep1-b,Mayer2015,NET-seq,36463992,231753340,0.15733966121
SRR1575934,human,cervical_cancer,HeLa,HeLaS3,FP,yes,rep1-c,Mayer2015,NET-seq,2332856,15005897,0.155462615797
SRR1928223,human,kidney,HEK,HEK293T,none,no,rep2-g,Mayer2015,NET-seq,46158275,363115490,0.127117339445
SRR1611840,human,Myeloid,B-cell,Ramos,none,no,rep1,Meng2014a,GRO-seq,102435625,106424087,0.962522939003
SRR1611829,mouse,Myeloid,B-cell,naiveB,none,no,rep1,Meng2014b,GRO-seq,67603527,85490195,0.790775211122
SRR1611830,mouse,Myeloid,B-cell,naiveB,none,no,rep2,Meng2014b,GRO-seq,145810214,151844642,0.960259197028
SRR1611831,mouse,Myeloid,B-cell,naiveB,none,no,rep3,Meng2014b,GRO-seq,98529658,192730901,0.511229167138
SRR1611832,mouse,Myeloid,B-cell,GC_B-cell,none,no,rep1,Meng2014b,GRO-seq,149715562,170538500,0.877898902594
SRR1611833,mouse,Myeloid,B-cell,GC_B-cell,none,no,rep2,Meng2014b,GRO-seq,190622120,200468119,0.950884963409
SRR1611834,mouse,Myeloid,B-cell,GC_B-cell,none,no,rep3,Meng2014b,GRO-seq,182900970,195980593,0.933260621372
SRR1611835,mouse,Myeloid,B-cell,naiveB,CSR-Act_B_60hr,yes,rep1,Meng2014b,GRO-seq,155410454,180692647,0.860081782963
SRR1611836,mouse,Myeloid,B-cell,naiveB,CSR-Act_B_60hr,yes,rep2,Meng2014b,GRO-seq,190718484,204460057,0.932790916712
SRR1611837,mouse,Myeloid,B-cell,naiveB,CSR-Act_B_60hr,yes,rep3,Meng2014b,GRO-seq,143769510,165309814,0.869697367151
SRR1611838,mouse,embryonic_fibroblast,MEF,MEF,none,no,rep1,Meng2014b,GRO-seq,133237763,137365678,0.969949443994
SRR1611839,mouse,embryonic_fibroblast,MEF,MEF,none,no,rep2,Meng2014b,GRO-seq,123594056,127368372,0.970366929083
SRR1041870,human,lung_carcinoma,A549,A549,control,no,rep1,Miller2015,GRO-seq,98965473,151534393,0.653089183523
SRR1041871,human,lung_carcinoma,A549,A549,control,no,rep1,Miller2015,GRO-seq,89009158,137779315,0.6460270034
SRR1041872,human,lung_carcinoma,A549,A549,siSetx,yes,rep1,Miller2015,GRO-seq,121324860,170425471,0.711893939844
SRR1041873,human,lung_carcinoma,A549,A549,siSetx,yes,rep1,Miller2015,GRO-seq,91601410,150408921,0.609015804322
SRR097854,mouse,ESC,ESC,ESC,na,no,rep1-a,Min2011,GRO-seq,1867614,2675758,0.697975676425
SRR097855,mouse,ESC,ESC,ESC,na,no,rep1-b,Min2011,GRO-seq,614617,836758,0.734521809173
SRR097856,mouse,ESC,ESC,ESC,na,no,rep1-c,Min2011,GRO-seq,727299,1024381,0.709988763946
SRR097857,mouse,ESC,ESC,ESC,na,no,rep1-d,Min2011,GRO-seq,568384,740880,0.767174171256
SRR097858,mouse,ESC,ESC,ESC,na,no,rep2-a,Min2011,GRO-seq,2575882,3414438,0.754408778253
SRR097859,mouse,ESC,ESC,ESC,na,no,rep2-b,Min2011,GRO-seq,464038,684085,0.678333832784
SRR097860,mouse,ESC,ESC,ESC,na,no,rep2-c,Min2011,GRO-seq,446426,658638,0.677801766676
SRR097861,mouse,ESC,ESC,ESC,na,no,rep2-d,Min2011,GRO-seq,584924,838304,0.697746879414
SRR097862,mouse,ESC,ESC,ESC,na,no,rep3,Min2011,GRO-seq,6399475,7810520,0.819340453645
SRR097863,mouse,embryonic_fibroblast,MEF,MEF,na,no,rep1,Min2011,GRO-seq,5999643,8144631,0.73663779243
SRR097864,mouse,embryonic_fibroblast,MEF,MEF,na,no,rep2,Min2011,GRO-seq,5254148,7256744,0.724036565159
SRR1823901,human,leukemia,K562,K562,control,no,rep1,Niskanen2015,GRO-seq,19764898,23618677,0.836833409424
SRR1823902,human,leukemia,K562,K562,control,no,rep2,Niskanen2015,GRO-seq,19105547,20173085,0.947081073619
SRR1823903,human,leukemia,K562,K562,heat_30min,yes,rep1,Niskanen2015,GRO-seq,16833849,19211580,0.876234489823
SRR1823904,human,leukemia,K562,K562,heat_30min,yes,rep2,Niskanen2015,GRO-seq,16330816,17232649,0.947667186861
SRR1544604,human,cervical_cancer,HeLa,HeLa,none,no,rep1,Nojima2015,NET-seq,101573739,105715832,0.960818612296
SRR1544605,human,cervical_cancer,HeLa,HeLa,none,no,rep1,Nojima2015,NET-seq,86148973,92797714,0.92835231911
SRR1544606,human,cervical_cancer,HeLa,HeLa,none,no,rep1,Nojima2015,NET-seq,88463512,92452104,0.956857747661
SRR1544608,human,cervical_cancer,HeLa,HeLa,siLuc,yes,rep1,Nojima2015,NET-seq,72092076,76827275,0.938365652042
SRR1544609,human,cervical_cancer,HeLa,HeLa,siCPSF73,yes,rep1,Nojima2015,NET-seq,67665809,71914567,0.940919368951
SRR1544610,human,cervical_cancer,HeLa,HeLa,siCstF64+siCstF64tau,yes,rep1,Nojima2015,NET-seq,76454205,80442088,0.950425416605
SRR1544611,human,cervical_cancer,HeLa,HeLa,siXrn2,yes,rep1,Nojima2015,NET-seq,87758306,94287802,0.930749303075
SRR1552315,human,cervical_cancer,HeLa,HeLa,none,no,rep2,Nojima2015,NET-seq,104360912,110573481,0.943815018359
SRR1552316,human,cervical_cancer,HeLa,HeLa,none,no,rep2,Nojima2015,NET-seq,70013484,73901063,0.947394816229
SRR1736059,human,cervical_cancer,HeLa,HeLa,DMSO,no,rep1,Nojima2015,NET-seq,52734823,53503218,0.985638340483
SRR1736060,human,cervical_cancer,HeLa,HeLa,Pla-B,yes,rep1,Nojima2015,NET-seq,38077649,40299590,0.94486442666
SRR1736061,human,cervical_cancer,HeLa,HeLa,siCPSF73,yes,rep1,Nojima2015,NET-seq,44830677,46021432,0.974126076737
SRR1736062,human,cervical_cancer,HeLa,HeLa,siCPSF73,yes,rep1,Nojima2015,NET-seq,36257344,37461157,0.967865034174
SRR1736063,human,cervical_cancer,HeLa,HeLa,siLuc,yes,rep1,Nojima2015,NET-seq,46677522,48828974,0.955939029151
SRR1736064,human,cervical_cancer,HeLa,HeLa,siLuc,yes,rep1,Nojima2015,NET-seq,42120281,43234994,0.974217343479
SRR1736065,human,cervical_cancer,HeLa,HeLa,siPTBP1,yes,rep1,Nojima2015,NET-seq,52258606,55659806,0.938893067647
SRR1648886,human,prostate_cancer,LNCap,LNCaP,siControl_1hr_vehicle,no,rep1,Puc2015,GRO-seq,27014661,29359815,0.920123679253
SRR1648887,human,prostate_cancer,LNCap,LNCaP,siControl_1hr_dht,yes,rep1,Puc2015,GRO-seq,31443438,34016349,0.924362517565
SRR1648888,human,prostate_cancer,LNCap,LNCaP,siTOP1_1hr_vehicle,yes,rep1,Puc2015,GRO-seq,28425699,30593852,0.929131088168
SRR1648889,human,prostate_cancer,LNCap,LNCaP,siTOP1_1hr_dht,yes,rep1,Puc2015,GRO-seq,27763493,30295092,0.916435342068
SRR1648890,human,prostate_cancer,LNCap,LNCaP,siControl_1hr_vehicle,no,rep2,Puc2015,GRO-seq,21651171,27364381,0.79121727621
SRR1648891,human,prostate_cancer,LNCap,LNCaP,siControl_1hr_dht,yes,rep2,Puc2015,GRO-seq,21489866,28298686,0.759394482132
SRR1648892,human,prostate_cancer,LNCap,LNCaP,siMRE11_1hr_vehicle,yes,rep2,Puc2015,GRO-seq,22167070,25228503,0.878651816955
SRR1648893,human,prostate_cancer,LNCap,LNCaP,siMRE11_1hr_dht,yes,rep2,Puc2015,GRO-seq,25073869,31300628,0.801066004171
SRR1648894,human,prostate_cancer,LNCap,LNCaP,siNKX3.1_1hr_vehicle,yes,rep1,Puc2015,GRO-seq,24088563,26006084,0.926266445959
SRR1648895,human,prostate_cancer,LNCap,LNCaP,siNKX3.1_1hr_dht,yes,rep1,Puc2015,GRO-seq,22952210,24670130,0.930364371813
SRR1648896,human,prostate_cancer,LNCap,LNCaP,siControl_1hr_vehicle,no,rep3,Puc2015,GRO-seq,12608612,17863219,0.705842099344
SRR1648897,human,prostate_cancer,LNCap,LNCaP,siControl_1hr_vehicle,no,rep3,Puc2015,GRO-seq,27489642,38155988,0.720454204986
SRR1648898,human,prostate_cancer,LNCap,LNCaP,siControl_1hr_dht,yes,rep3,Puc2015,GRO-seq,8440183,10785895,0.782520412075
SRR1648899,human,prostate_cancer,LNCap,LNCaP,siControl_1hr_dht,yes,rep3,Puc2015,GRO-seq,48115371,60557770,0.794536704373
SRR1648900,human,prostate_cancer,LNCap,LNCaP,siMRE11_1hr_vehicle,yes,rep2,Puc2015,GRO-seq,29601521,42329624,0.699309802516
SRR1648901,human,prostate_cancer,LNCap,LNCaP,siMRE11_1hr_dht,yes,rep2,Puc2015,GRO-seq,20767761,28781729,0.721560577546
SRR1648904,human,prostate_cancer,LNCap,LNCaP,vehicle_1hr,yes,rep1,Puc2015,PRO-cap,1972772,12767033,0.154520788033
SRR1648905,human,prostate_cancer,LNCap,LNCaP,dht_1hr,yes,rep1,Puc2015,PRO-cap,5756900,30338284,0.189756942087
SRR1648909,human,prostate_cancer,LNCap,LNCaP,siControl_1hr_vehicle,no,rep4,Puc2015,GRO-seq,48188044,53644095,0.898291675906
SRR1648910,human,prostate_cancer,LNCap,LNCaP,siControl_1hr_dht,yes,rep4,Puc2015,GRO-seq,48841222,53946376,0.905366136179
SRR1648911,human,prostate_cancer,LNCap,LNCaP,siTOP1_1hr_vehicle,yes,rep4,Puc2015,GRO-seq,42935376,48780063,0.880182873073
SRR1648912,human,prostate_cancer,LNCap,LNCaP,siTOP1_1hr_dht,yes,rep4,Puc2015,GRO-seq,38642287,42862594,0.901538693622
SRR2153508,human,breast_adenocarcinoma,MCF7,MCF7_AKT1low,DMSO_Akti_72hr,yes,rep1,Salony2016,GRO-seq,84244820,102786946,0.819606217311
SRR2153509,human,breast_adenocarcinoma,MCF7,MCF7_AKT1low,DMSO_Akti_72hr,yes,rep2,Salony2016,GRO-seq,76711651,95476419,0.80346175321
SRR2153510,human,breast_adenocarcinoma,MCF7,MCF7_AKT1wt,DMSO_Akti_72hr,yes,rep1,Salony2016,GRO-seq,96110277,103092841,0.932269166973
SRR2153511,human,breast_adenocarcinoma,MCF7,MCF7_AKT1wt,DMSO_Akti_72hr,yes,rep2,Salony2016,GRO-seq,76683920,97832031,0.783832444407
SRR2153512,human,colon_carcinoma,HCT116,HCT116_AKT1low,DMSO_Akti_72hr,yes,rep1,Salony2016,GRO-seq,79762781,101126414,0.7887432951
SRR2153513,human,colon_carcinoma,HCT116,HCT116_AKT1low,DMSO_Akti_72hr,yes,rep2,Salony2016,GRO-seq,82815256,96169449,0.861138925731
SRR2153514,human,colon_carcinoma,HCT116,HCT116_AKT1wt,DMSO_Akti_72hr,yes,rep1,Salony2016,GRO-seq,12156791,12679289,0.958791222442
SRR2153515,human,colon_carcinoma,HCT116,HCT116_AKT1wt,DMSO_Akti_72hr,yes,rep2,Salony2016,GRO-seq,169443856,175757750,0.964076155959
SRR942404,human,Embryonic_Kidney,HEK293,HEK293T-rex_15_KD,Doxycycline_0min,yes,rep1-a,Saponaro2014,GRO-seq,39378511,48522829,0.811546066286
SRR942405,human,Embryonic_Kidney,HEK293,HEK293T-rex_15_KD,Doxycycline_0min,yes,rep1-b,Saponaro2014,GRO-seq,38042593,48144706,0.790171883073
SRR942406,human,Embryonic_Kidney,HEK293,HEK293T-rex_15_KD,Doxycycline_0min,yes,rep1-c,Saponaro2014,GRO-seq,31078194,50536214,0.614968782584
SRR942407,human,Embryonic_Kidney,HEK293,HEK293T-rex_15_KD,Doxycycline_10min,yes,rep1-a,Saponaro2014,GRO-seq,32696613,40804794,0.801293421552
SRR942408,human,Embryonic_Kidney,HEK293,HEK293T-rex_15_KD,Doxycycline_10min,yes,rep1-b,Saponaro2014,GRO-seq,34135313,43003753,0.79377520841
SRR942409,human,Embryonic_Kidney,HEK293,HEK293T-rex_15_KD,Doxycycline_10min,yes,rep1-c,Saponaro2014,GRO-seq,29374441,53680020,0.54721367466
SRR942410,human,Embryonic_Kidney,HEK293,HEK293T-rex_15_KD,Doxycycline_25min,yes,rep1-a,Saponaro2014,GRO-seq,31964197,39667745,0.805798186915
SRR942411,human,Embryonic_Kidney,HEK293,HEK293T-rex_15_KD,Doxycycline_25min,yes,rep1-b,Saponaro2014,GRO-seq,31528490,39900538,0.79017706478
SRR942412,human,Embryonic_Kidney,HEK293,HEK293T-rex_15_KD,Doxycycline_25min,yes,rep1-c,Saponaro2014,GRO-seq,31059036,44362967,0.700111784678
SRR942413,human,Embryonic_Kidney,HEK293,HEK293T-rex_15_KD,Doxycycline_40min,yes,rep1-a,Saponaro2014,GRO-seq,31178957,39055407,0.798326259921
SRR942414,human,Embryonic_Kidney,HEK293,HEK293T-rex_15_KD,Doxycycline_40min,yes,rep1-b,Saponaro2014,GRO-seq,29139407,36940522,0.788819578673
SRR942415,human,Embryonic_Kidney,HEK293,HEK293T-rex_15_WT,Doxycycline_0min,yes,rep1-a,Saponaro2014,GRO-seq,34788497,46312418,0.751169956188
SRR942416,human,Embryonic_Kidney,HEK293,HEK293T-rex_15_WT,Doxycycline_0min,yes,rep1-b,Saponaro2014,GRO-seq,29850029,40686083,0.733666816734
SRR942417,human,Embryonic_Kidney,HEK293,HEK293T-rex_15_WT,Doxycycline_0min,yes,rep1-c,Saponaro2014,GRO-seq,30208567,49024348,0.616195181219
SRR942418,human,Embryonic_Kidney,HEK293,HEK293T-rex_15_WT,Doxycycline_10min,yes,rep1-a,Saponaro2014,GRO-seq,25664047,32818592,0.781997198417
SRR942419,human,Embryonic_Kidney,HEK293,HEK293T-rex_15_WT,Doxycycline_10min,yes,rep1-b,Saponaro2014,GRO-seq,30029886,38918596,0.7716076397
SRR942420,human,Embryonic_Kidney,HEK293,HEK293T-rex_15_WT,Doxycycline_10min,yes,rep1-c,Saponaro2014,GRO-seq,29297585,43132077,0.679252821514
SRR942421,human,Embryonic_Kidney,HEK293,HEK293T-rex_15_WT,Doxycycline_25min,yes,rep1-a,Saponaro2014,GRO-seq,37771490,47845733,0.789443229974
SRR942422,human,Embryonic_Kidney,HEK293,HEK293T-rex_15_WT,Doxycycline_25min,yes,rep1-b,Saponaro2014,GRO-seq,32516001,42309471,0.768527713334
SRR942423,human,Embryonic_Kidney,HEK293,HEK293T-rex_15_WT,Doxycycline_40min,yes,rep1-a,Saponaro2014,GRO-seq,36429192,45521396,0.800265264273
SRR942424,human,Embryonic_Kidney,HEK293,HEK293T-rex_15_WT,Doxycycline_40min,yes,rep1-b,Saponaro2014,GRO-seq,35462050,45272584,0.783300772052
SRR942425,human,Embryonic_Kidney,HEK293,HEK293T-rex_18_KD,Doxycycline_0min,yes,rep1-a,Saponaro2014,GRO-seq,10435910,48337497,0.215896780919
SRR942426,human,Embryonic_Kidney,HEK293,HEK293T-rex_18_KD,Doxycycline_0min,yes,rep1-b,Saponaro2014,GRO-seq,41351576,60250132,0.686331707954
SRR942427,human,Embryonic_Kidney,HEK293,HEK293T-rex_18_KD,Doxycycline_0min,yes,rep1-c,Saponaro2014,GRO-seq,37053045,47312274,0.783159249543
SRR942428,human,Embryonic_Kidney,HEK293,HEK293T-rex_18_KD,Doxycycline_0min,yes,rep1-d,Saponaro2014,GRO-seq,29645294,46071539,0.643462203422
SRR942429,human,Embryonic_Kidney,HEK293,HEK293T-rex_18_KD,Doxycycline_10min,yes,rep1-a,Saponaro2014,GRO-seq,7887154,47461937,0.166178510582
SRR942430,human,Embryonic_Kidney,HEK293,HEK293T-rex_18_KD,Doxycycline_10min,yes,rep1-b,Saponaro2014,GRO-seq,40318813,62022061,0.650072125143
SRR942431,human,Embryonic_Kidney,HEK293,HEK293T-rex_18_KD,Doxycycline_10min,yes,rep1-c,Saponaro2014,GRO-seq,38613554,49027525,0.787589298052
SRR942432,human,Embryonic_Kidney,HEK293,HEK293T-rex_18_KD,Doxycycline_10min,yes,rep1-d,Saponaro2014,GRO-seq,29214791,42962728,0.680003164604
SRR942433,human,Embryonic_Kidney,HEK293,HEK293T-rex_18_KD,Doxycycline_25min,yes,rep1-a,Saponaro2014,GRO-seq,5242483,46299522,0.113229743495
SRR942434,human,Embryonic_Kidney,HEK293,HEK293T-rex_18_KD,Doxycycline_25min,yes,rep1-b,Saponaro2014,GRO-seq,38392811,61754487,0.621700751882
SRR942435,human,Embryonic_Kidney,HEK293,HEK293T-rex_18_KD,Doxycycline_25min,yes,rep1-c,Saponaro2014,GRO-seq,40907265,53461778,0.765168434914
SRR942436,human,Embryonic_Kidney,HEK293,HEK293T-rex_18_KD,Doxycycline_40min,yes,rep1-a,Saponaro2014,GRO-seq,11991664,48793868,0.24576170104
SRR942437,human,Embryonic_Kidney,HEK293,HEK293T-rex_18_KD,Doxycycline_40min,yes,rep1-b,Saponaro2014,GRO-seq,36192404,61578108,0.587747905473
SRR942438,human,Embryonic_Kidney,HEK293,HEK293T-rex_18_KD,Doxycycline_40min,yes,rep1-c,Saponaro2014,GRO-seq,41325576,54571423,0.757275030193
SRR942439,human,Embryonic_Kidney,HEK293,HEK293T-rex_18_WT,Doxycycline_0min,yes,rep1-a,Saponaro2014,GRO-seq,10278522,47202141,0.217755419187
SRR942440,human,Embryonic_Kidney,HEK293,HEK293T-rex_18_WT,Doxycycline_0min,yes,rep1-b,Saponaro2014,GRO-seq,35146022,60343767,0.5824300296
SRR942441,human,Embryonic_Kidney,HEK293,HEK293T-rex_18_WT,Doxycycline_0min,yes,rep1-c,Saponaro2014,GRO-seq,34191214,49227207,0.694559291166
SRR942442,human,Embryonic_Kidney,HEK293,HEK293T-rex_18_WT,Doxycycline_0min,yes,rep1-d,Saponaro2014,GRO-seq,27695692,46317060,0.597958765086
SRR942443,human,Embryonic_Kidney,HEK293,HEK293T-rex_18_WT,Doxycycline_10min,yes,rep1-a,Saponaro2014,GRO-seq,18269229,40800952,0.447764772744
SRR942444,human,Embryonic_Kidney,HEK293,HEK293T-rex_18_WT,Doxycycline_10min,yes,rep1-b,Saponaro2014,GRO-seq,41062503,55205672,0.743809494792
SRR942445,human,Embryonic_Kidney,HEK293,HEK293T-rex_18_WT,Doxycycline_10min,yes,rep1-c,Saponaro2014,GRO-seq,30990130,38895903,0.796745353874
SRR942446,human,Embryonic_Kidney,HEK293,HEK293T-rex_18_WT,Doxycycline_25min,yes,rep1-a,Saponaro2014,GRO-seq,17997440,43260981,0.416020154513
SRR942447,human,Embryonic_Kidney,HEK293,HEK293T-rex_18_WT,Doxycycline_25min,yes,rep1-b,Saponaro2014,GRO-seq,40156139,53312213,0.753225888409
SRR942448,human,Embryonic_Kidney,HEK293,HEK293T-rex_18_WT,Doxycycline_25min,yes,rep1-c,Saponaro2014,GRO-seq,28661643,36444990,0.786435748782
SRR942449,human,Embryonic_Kidney,HEK293,HEK293T-rex_18_WT,Doxycycline_40min,yes,rep1-a,Saponaro2014,GRO-seq,18695859,43761334,0.427223242326
SRR942450,human,Embryonic_Kidney,HEK293,HEK293T-rex_18_WT,Doxycycline_40min,yes,rep1-b,Saponaro2014,GRO-seq,29342384,36950280,0.794104510169
SRR942451,human,Embryonic_Kidney,HEK293,HEK293T-rex_18_WT,Doxycycline_40min,yes,rep1-c,Saponaro2014,GRO-seq,31933804,39562401,0.807175580673
SRR1219737,human,ESC,H1,H1,Activin_48hr,yes,rep1-a,Sigova2013,GRO-seq,34261448,97406882,0.351735393809
SRR574824,human,ESC,H1,H1,none,no,rep1-a,Sigova2013,GRO-seq,3900457,98222246,0.0397105254547
SRR574825,human,ESC,H1,H1,none,no,rep1-b,Sigova2013,GRO-seq,46195111,99543214,0.464070920997
SRR574826,human,ESC,H1,H1,none,no,rep1-c,Sigova2013,GRO-seq,22292689,133734815,0.166693235415
SRR574827,human,ESC,H1,H1,Activin_0hr,yes,rep1-a,Sigova2013,GRO-seq,33724293,114141593,0.295460157105
SRR574828,human,ESC,H1,H1,Activin_0hr,yes,rep1-b,Sigova2013,GRO-seq,53977169,133964352,0.402921883278
SRR574829,human,ESC,H1,H1,Activin_1hr,yes,rep1-a,Sigova2013,GRO-seq,49110768,140535674,0.349454103732
SRR574830,human,ESC,H1,H1,Activin_1hr,yes,rep1-b,Sigova2013,GRO-seq,65126050,151483477,0.429921805927
SRR574831,human,ESC,H1,H1,Activin_48hr,yes,rep1-b,Sigova2013,GRO-seq,34976421,83299029,0.419889900517
SRR1991266,mouse,ESC,v6.5,v6.5,na,no,rep1,Sigova2015,GRO-seq,8604665,182303209,0.0471997451235
SRR1991267,mouse,ESC,BirA,BirA,DMSO,no,rep1,Sigova2015,GRO-seq,8043701,33474883,0.240290638208
SRR1991268,mouse,ESC,BirA,BirA,ActD,yes,rep1,Sigova2015,GRO-seq,9826467,27544514,0.356748607
SRR1732573,mouse,eWAT,C57BL/6,C57BL/6,LFD_diet_10w,yes,rep1,Soccio2015,GRO-seq,67038323,134737853,0.497546320558
SRR1233867,mouse,fat,adipocyte,3T3-L1_adipocyte,none,no,rep1,Step2014,GRO-seq,123079346,278098240,0.442575062683
SRR1233868,mouse,fat,adipocyte,3T3-L1_adipocyte,Biomol-DMSO_10min,yes,rep1,Step2014,GRO-seq,132812403,276446603,0.480426966939
SRR1233869,mouse,fat,adipocyte,3T3-L1_adipocyte,Biomol-DMSO_30min,yes,rep1,Step2014,GRO-seq,114958318,270480931,0.4250145013
SRR1233870,mouse,fat,adipocyte,3T3-L1_adipocyte,Biomol-DMSO_1hr,yes,rep1,Step2014,GRO-seq,139714369,273120263,0.511548895953
SRR1233871,mouse,fat,adipocyte,3T3-L1_adipocyte,Biomol-DMSO_3hr,yes,rep1,Step2014,GRO-seq,114182592,275143784,0.414992446277
SRR1233872,mouse,fat,adipocyte,3T3-L1_adipocyte,none,no,rep2,Step2014,GRO-seq,105685100,212136972,0.49819274313
SRR1233873,mouse,fat,adipocyte,3T3-L1_adipocyte,Biomol-DMSO_10min,yes,rep2,Step2014,GRO-seq,89160751,169184552,0.527002908634
SRR1233874,mouse,fat,adipocyte,3T3-L1_adipocyte,Biomol-DMSO_30min,yes,rep2,Step2014,GRO-seq,66803143,188221591,0.354917534408
SRR1233875,mouse,fat,adipocyte,3T3-L1_adipocyte,Biomol-DMSO_1hr,yes,rep2,Step2014,GRO-seq,87539536,180342672,0.485406670696
SRR1233876,mouse,fat,adipocyte,3T3-L1_adipocyte,Biomol-DMSO_3hr,yes,rep2,Step2014,GRO-seq,69064943,170046816,0.406152520962
SRR1275489,human,malignant_melaoma,A375,A375,DMSO_48hr,no,rep1,Tan2014,GRO-seq,10863834,12174743,0.892325529993
SRR1275490,human,malignant_melaoma,A375,A375,DMSO_48hr,no,rep2,Tan2014,GRO-seq,12075828,15400969,0.784095338417
SRR1275491,human,malignant_melaoma,A375,A375,Leflunomide_48hr,yes,rep1,Tan2014,GRO-seq,15741066,17119601,0.919476219101
SRR1275492,human,malignant_melaoma,A375,A375,Leflunomide_48hr,yes,rep2,Tan2014,GRO-seq,16301282,20658238,0.789093532566
SRR1275493,human,malignant_melaoma,A375,A375,A771726_48hr,yes,rep1,Tan2014,GRO-seq,25315636,27873749,0.908225011282
SRR1275494,human,malignant_melaoma,A375,A375,A771726_48hr,yes,rep2,Tan2014,GRO-seq,20249495,24780556,0.817152569135
SRR1873284,mouse,cortical_neurons,primary_cortical_neurons,,control,no,rep1,Telese2015,GRO-seq,79452856,104091079,0.763301300777
SRR1873285,mouse,cortical_neurons,primary_cortical_neurons,,Reelin_1hr,yes,rep1,Telese2015,GRO-seq,71973368,99886828,0.720549139873
SRR122339,human,prostate_cancer,LNCap,LNCaP,vehicle-siCTRL,no,rep1,Wang2011,GRO-seq,19529348,36094248,0.541065379725
SRR122340,human,prostate_cancer,LNCap,LNCaP,dht-siCTRL,yes,rep1,Wang2011,GRO-seq,18484028,32045861,0.576799231576
SRR122341,human,prostate_cancer,LNCap,LNCaP,dht-siFoxA1,yes,rep1,Wang2011,GRO-seq,19800337,32234177,0.614265318454
SRR531824,human,Myeloid,B-cell,B-cell,none,no,rep1,Wang2014,GRO-seq,31190159,202924727,0.153703097011
SRR531825,human,Myeloid,B-cell,B-cell,none,no,rep1,Wang2014,GRO-seq,22163092,219020490,0.101191865656
SRR531826,human,Myeloid,B-cell,B-cell,none,no,rep1,Wang2014,PRO-seq,30249102,78865125,0.383554860276
SRR1145801,human,hESC,CyT49,CyT49_undifferentiated_hESC,none,no,rep1,Wang2015a,GRO-seq,183241444,298099247,0.614699452763
SRR1145808,human,hESC,CyT49,CyT49_definitive_endoderm,none,no,rep1,Wang2015a,GRO-seq,117541564,290076884,0.405208310222
SRR1145815,human,hESC,CyT49,CyT49_primitive_gut_tube,none,no,rep1,Wang2015a,GRO-seq,38084294,58828025,0.647383521714
SRR1145822,human,hESC,CyT49,CyT49_posterior_foregut,none,no,rep1,Wang2015a,GRO-seq,40538804,59380853,0.682691506638
SRR1145829,human,hESC,CyT49,CyT49_pancreatic_endoderm,none,no,rep1,Wang2015a,GRO-seq,40102954,54947852,0.729836609446
SRR1744498,mouse,ESC,ESC,ESC_Tdgfl/fl,none,no,rep1-a,Wang2015b,GRO-seq,28351250,45181481,0.627497137599
SRR1744499,mouse,ESC,ESC,ESC_Tdgfl/fl,none,no,rep1-b,Wang2015b,GRO-seq,14730372,31325309,0.470238681444
SRR1744500,mouse,ESC,ESC,ESC_Tdgfl/fl,DRB_3hr,yes,rep1-a,Wang2015b,GRO-seq,12310334,18534335,0.664190757316
SRR1744501,mouse,ESC,ESC,ESC_Tdgfl/fl,DRB_3hr,yes,rep1-b,Wang2015b,GRO-seq,11220311,30796503,0.364337178153
SRR1744502,mouse,ESC,ESC,ESC_Tdgfl/fl,wash_10min,yes,rep1-a,Wang2015b,GRO-seq,30362015,51059333,0.594641825815
SRR1744503,mouse,ESC,ESC,ESC_Tdgfl/fl,wash_10min,yes,rep1-b,Wang2015b,GRO-seq,22163630,40701727,0.544537827596
SRR1744504,mouse,ESC,ESC,ESC_Tdgfl/fl,wash_20min,yes,rep1-a,Wang2015b,GRO-seq,28502263,44318376,0.643125167763
SRR1744505,mouse,ESC,ESC,ESC_Tdgfl/fl,wash_20min,yes,rep1-b,Wang2015b,GRO-seq,16483411,34947791,0.471658165748
SRR1744506,mouse,ESC,ESC,ESC_Tdgfl/fl,wash_30min,yes,rep1-a,Wang2015b,GRO-seq,36175835,57503975,0.629101466464
SRR1744507,mouse,ESC,ESC,ESC_Tdgfl/fl,wash_30min,yes,rep1-b,Wang2015b,GRO-seq,27508568,62853634,0.437660740507
SRR1744508,mouse,ESC,ESC,ESC_Tdg-KO,none,no,rep1-a,Wang2015b,GRO-seq,22162919,33628343,0.659054744386
SRR1744509,mouse,ESC,ESC,ESC_Tdg-KO,none,no,rep1-b,Wang2015b,GRO-seq,16257744,40690285,0.399548540886
SRR1744510,mouse,ESC,ESC,ESC_Tdg-KO,DRB_3hr,yes,rep1-a,Wang2015b,GRO-seq,12298719,18989671,0.647653084669
SRR1744511,mouse,ESC,ESC,ESC_Tdg-KO,DRB_3hr,yes,rep1-b,Wang2015b,GRO-seq,10902577,24325858,0.448188795643
SRR1744512,mouse,ESC,ESC,ESC_Tdg-KO,wash_10min,yes,rep1-a,Wang2015b,GRO-seq,28218224,41520967,0.679613844254
SRR1744513,mouse,ESC,ESC,ESC_Tdg-KO,wash_10min,yes,rep1-b,Wang2015b,GRO-seq,17224507,38898271,0.442809064701
SRR1744514,mouse,ESC,ESC,ESC_Tdg-KO,wash_20min,yes,rep1-a,Wang2015b,GRO-seq,30030823,43727091,0.686778432162
SRR1744515,mouse,ESC,ESC,ESC_Tdg-KO,wash_20min,yes,rep1-b,Wang2015b,GRO-seq,20959141,45275320,0.462926402287
SRR1744516,mouse,ESC,ESC,ESC_Tdg-KO,wash_30min,yes,rep1-a,Wang2015b,GRO-seq,26719153,38708227,0.690270649699
SRR1744517,mouse,ESC,ESC,ESC_Tdg-KO,wash_30min,yes,rep1-b,Wang2015b,GRO-seq,16645497,34090024,0.488280589066
SRR1297231,mouse,heart,heart(BlackSwiss),BlackSwiss,none,no,rep1,Wei2015,GRO-seq,33955924,36848535,0.921499972794
SRR1297232,mouse,heart,heart(BlackSwiss),BlackSwiss_RBFox2-KO,none,no,rep1,Wei2015,GRO-seq,34875747,37776618,0.923209880779
SRR1297233,mouse,fibroblast,MEF,MEF,none,no,rep1-a,Wei2015,GRO-seq,18019334,23464193,0.767950297715
SRR1297234,mouse,fibroblast,MEF,MEF,none,no,rep1-b,Wei2015,GRO-seq,17933147,23587076,0.760295468586
SRR1297235,mouse,fibroblast,MEF,MEF,siRBFox2,yes,rep1-a,Wei2015,GRO-seq,17344053,22839960,0.759373177536
SRR1297236,mouse,fibroblast,MEF,MEF,siRBFox2,yes,rep1-b,Wei2015,GRO-seq,19804490,25317995,0.782229793473
SRR1297237,mouse,fibroblast,MEF,MEF,siSUZ12,yes,rep1-a,Wei2015,GRO-seq,20814331,25597607,0.813135813828
SRR1297238,mouse,fibroblast,MEF,MEF,siSUZ12,yes,rep1-b,Wei2015,GRO-seq,21647156,26822325,0.807057404606
SRR2820481,mouse,NSPC,NSPC(129SVE),NSPC_ATM-KO,TA,no,rep1-a,Wei2016,GRO-seq,21262300,35044927,0.606715488379
SRR2820482,mouse,NSPC,NSPC(129SVE),NSPC_ATM-KO,TA,no,rep1-b,Wei2016,GRO-seq,21788715,35893147,0.607043873863
SRR2820483,mouse,NSPC,NSPC(129SVE),NSPC_ATM-KO,TA,no,rep2-a,Wei2016,GRO-seq,26395726,40598987,0.650157256387
SRR2820484,mouse,NSPC,NSPC(129SVE),NSPC_ATM-KO,TA,no,rep2-b,Wei2016,GRO-seq,27079077,41647638,0.650194784156
SRR2820485,mouse,NSPC,NSPC(129SVE),NSPC_ATM-KO,TA,no,rep3-a,Wei2016,GRO-seq,37337755,48062870,0.776852381058
SRR2820486,mouse,NSPC,NSPC(129SVE),NSPC_ATM-KO,TA,no,rep3-b,Wei2016,GRO-seq,38355936,49346553,0.777276905238
SRR2820487,mouse,NSPC,NSPC(129SVE),NSPC_Xrcc4-KO_p53-KO,none,no,rep1-a,Wei2016,GRO-seq,20586080,25537133,0.806123381196
SRR2820488,mouse,NSPC,NSPC(129SVE),NSPC_Xrcc4-KO_p53-KO,none,no,rep1-b,Wei2016,GRO-seq,21166160,26248730,0.806368917658
SRR2820489,mouse,NSPC,NSPC(129SVE),NSPC_Xrcc4-KO_p53-KO,none,no,rep2-a,Wei2016,GRO-seq,52702390,57966371,0.909189053771
SRR2820490,mouse,NSPC,NSPC(129SVE),NSPC_Xrcc4-KO_p53-KO,none,no,rep2-b,Wei2016,GRO-seq,52490482,57777511,0.908493306332
SRR2820491,mouse,NSPC,NSPC(129SVE),NSPC_Xrcc4-KO_p53-KO,none,no,rep3-a,Wei2016,GRO-seq,28474361,32267642,0.882443191851
SRR2820492,mouse,NSPC,NSPC(129SVE),NSPC_Xrcc4-KO_p53-KO,none,no,rep3-b,Wei2016,GRO-seq,28379235,32196192,0.881446942545
SRR1482436,mouse,ESC,C2,C2,none,no,rep1-a,Williams2015,GRO-seq,527,5588342,9.43034624581e-05
SRR1482437,mouse,ESC,C2,C2,none,no,rep1-b,Williams2015,GRO-seq,695,7455355,9.32215836805e-05
SRR1482438,mouse,ESC,C2,C2,none,no,rep1-c,Williams2015,GRO-seq,1610,28922502,5.56660001268e-05
SRR1482439,mouse,ESC,C2,C2,none,no,rep1-d,Williams2015,GRO-seq,1178,19833712,5.93938240104e-05
SRR1482440,mouse,ESC,C2,C2,none,no,rep1-e,Williams2015,GRO-seq,1690,27405844,6.16656797725e-05
SRR1482441,mouse,ESC,C2,C2,none,no,rep2-a,Williams2015,GRO-seq,470,5405192,8.69534329215e-05
SRR1482442,mouse,ESC,C2,C2,none,no,rep2-b,Williams2015,GRO-seq,712,8067889,8.8251090217e-05
SRR1482443,mouse,ESC,C2,C2,none,no,rep2-c,Williams2015,GRO-seq,1642,27664397,5.93542667856e-05
SRR1482444,mouse,ESC,C2,C2,none,no,rep2-d,Williams2015,GRO-seq,1720,28619256,6.0099396015e-05
SRR892016,human,prostate_cancer,LNCap,LNCaP,siCTL_minusDHT_hs2612,yes,rep1,Yang2013,GRO-seq,18462663,24634885,0.749451966185
SRR892017,human,prostate_cancer,LNCap,LNCaP,siCTL_DHT_hs2612,yes,rep2,Yang2013,GRO-seq,22706878,28816213,0.787989664013
SRR892018,human,prostate_cancer,LNCap,LNCaP,siPYGO2_minusDHT_hs2612,yes,rep3,Yang2013,GRO-seq,25663749,31150956,0.82385108823
SRR892019,human,prostate_cancer,LNCap,LNCaP,siPYGO2_plusDHT_hs2612,yes,rep4,Yang2013,GRO-seq,17783550,22069796,0.805786786611
SRR892025,human,prostate_cancer,LNCap,LNCaP,minusDHT_ASO_CTL_hs1517,yes,rep1,Yang2013,GRO-seq,21503891,27051995,0.794909617572
SRR892026,human,prostate_cancer,LNCap,LNCaP,minusDHT_PCGEM1_hs1514,yes,rep3,Yang2013,GRO-seq,24549295,29023664,0.845837210629
SRR892027,human,prostate_cancer,LNCap,LNCaP,minusDHT_ASO_PRNCR1_hs1517,yes,rep3,Yang2013,GRO-seq,36857142,45530134,0.809510949386
SRR892028,human,prostate_cancer,LNCap,LNCaP,plusDHT_ASO_CTL_hs1517,yes,rep2,Yang2013,GRO-seq,20844403,26422776,0.788880131293
SRR892029,human,prostate_cancer,LNCap,LNCaP,plusDHT_ASO_PCGEM1_hs1514,yes,rep4,Yang2013,GRO-seq,27652468,32394684,0.85361129005
SRR892030,human,prostate_cancer,LNCap,LNCaP,plusDHT_ASO_PRNCR1_hs1517,yes,rep4,Yang2013,GRO-seq,29985631,36046414,0.831861693649
SRR1734841,mouse,pituitary,AtT20,AtT20,siCTL_hs1013,yes,rep1,Zhang2015,GRO-seq,16843333,49279800,0.341789800283
SRR1734842,mouse,pituitary,AtT20,AtT20,siMash1_hs1013,yes,rep2,Zhang2015,GRO-seq,16557913,45903293,0.360712966715
SRR1734843,mouse,pituitary,AtT20,AtT20,siLdb1_hs1013,yes,rep3,Zhang2015,GRO-seq,18671693,68163173,0.273926405979
SRR1734844,mouse,pituitary,AtT20,AtT20,siTbx19_hs1013,yes,rep4,Zhang2015,GRO-seq,16078163,48198713,0.333580753494
